ID,Latitude,Longitude,Date,MODIS_Tile,MOD16A3GF_006_Line_Y_500m,MOD16A3GF_006_Sample_X_500m,MOD16A3GF_006_ET_500m,MOD16A3GF_006_PET_500m,MOD16A3GF_006_ET_QC_500m,MOD16A3GF_006_ET_QC_500m_bitmask,MOD16A3GF_006_ET_QC_500m_ContinuousLayer,MOD16A3GF_006_ET_QC_500m_ContinuousLayer_Description
ABBY,45.76243,-122.33033,2005-01-01,h09v04,1017.0,1117.0,665.6,1105.3,34.0,0b00100010,0b0,Continuous
ABBY,45.76243,-122.33033,2006-01-01,h09v04,1017.0,1117.0,444.4,1106.1,27.0,0b00011011,0b0,Continuous
ABBY,45.76243,-122.33033,2007-01-01,h09v04,1017.0,1117.0,471.8,1085.6,21.0,0b00010101,0b0,Continuous
ABBY,45.76243,-122.33033,2008-01-01,h09v04,1017.0,1117.0,485.0,1018.3,33.0,0b00100001,0b0,Continuous
ABBY,45.76243,-122.33033,2009-01-01,h09v04,1017.0,1117.0,510.4,1107.1,24.0,0b00011000,0b0,Continuous
ABBY,45.76243,-122.33033,2010-01-01,h09v04,1017.0,1117.0,538.0,1017.6,30.0,0b00011110,0b0,Continuous
ABBY,45.76243,-122.33033,2011-01-01,h09v04,1017.0,1117.0,617.6,993.7,45.0,0b00101101,0b0,Continuous
ABBY,45.76243,-122.33033,2012-01-01,h09v04,1017.0,1117.0,571.6,1039.4,37.0,0b00100101,0b0,Continuous
ABBY,45.76243,-122.33033,2013-01-01,h09v04,1017.0,1117.0,535.4,1092.9,37.0,0b00100101,0b0,Continuous
ABBY,45.76243,-122.33033,2014-01-01,h09v04,1017.0,1117.0,536.3,1130.1,20.0,0b00010100,0b0,Continuous
ABBY,45.76243,-122.33033,2015-01-01,h09v04,1017.0,1117.0,510.2,1187.8,31.0,0b00011111,0b0,Continuous
ABBY,45.76243,-122.33033,2016-01-01,h09v04,1017.0,1117.0,568.6,1143.3,43.0,0b00101011,0b0,Continuous
ABBY,45.76243,-122.33033,2017-01-01,h09v04,1017.0,1117.0,599.7,1095.0,37.0,0b00100101,0b0,Continuous
ABBY,45.76243,-122.33033,2018-01-01,h09v04,1017.0,1117.0,608.7,1139.1,29.0,0b00011101,0b0,Continuous
ABBY,45.76243,-122.33033,2019-01-01,h09v04,1017.0,1117.0,649.2,1104.8,38.0,0b00100110,0b0,Continuous
BARR,71.28241,-156.61936,2005-01-01,h12v01,2092.0,2337.0,241.9,253.0,49.0,0b00110001,0b0,Continuous
BARR,71.28241,-156.61936,2006-01-01,h12v01,2092.0,2337.0,241.2,253.1,52.0,0b00110100,0b0,Continuous
BARR,71.28241,-156.61936,2007-01-01,h12v01,2092.0,2337.0,278.3,296.7,55.0,0b00110111,0b0,Continuous
BARR,71.28241,-156.61936,2008-01-01,h12v01,2092.0,2337.0,255.9,268.7,63.0,0b00111111,0b0,Continuous
BARR,71.28241,-156.61936,2009-01-01,h12v01,2092.0,2337.0,235.0,244.9,82.0,0b01010010,0b0,Continuous
BARR,71.28241,-156.61936,2010-01-01,h12v01,2092.0,2337.0,231.2,238.3,64.0,0b01000000,0b0,Continuous
BARR,71.28241,-156.61936,2011-01-01,h12v01,2092.0,2337.0,244.0,253.9,68.0,0b01000100,0b0,Continuous
BARR,71.28241,-156.61936,2012-01-01,h12v01,2092.0,2337.0,259.7,274.0,59.0,0b00111011,0b0,Continuous
BARR,71.28241,-156.61936,2013-01-01,h12v01,2092.0,2337.0,244.1,252.2,58.0,0b00111010,0b0,Continuous
BARR,71.28241,-156.61936,2014-01-01,h12v01,2092.0,2337.0,223.3,230.0,66.0,0b01000010,0b0,Continuous
BARR,71.28241,-156.61936,2015-01-01,h12v01,2092.0,2337.0,267.4,277.8,65.0,0b01000001,0b0,Continuous
BARR,71.28241,-156.61936,2016-01-01,h12v01,2092.0,2337.0,257.5,263.0,64.0,0b01000000,0b0,Continuous
BARR,71.28241,-156.61936,2017-01-01,h12v01,2092.0,2337.0,211.4,212.9,80.0,0b01010000,0b0,Continuous
BARR,71.28241,-156.61936,2018-01-01,h12v01,2092.0,2337.0,210.3,214.2,69.0,0b01000101,0b0,Continuous
BARR,71.28241,-156.61936,2019-01-01,h12v01,2092.0,2337.0,223.7,227.7,61.0,0b00111101,0b0,Continuous
BART,44.06388,-71.28731,2005-01-01,h12v04,1424.0,2106.0,661.0,1071.6,34.0,0b00100010,0b0,Continuous
BART,44.06388,-71.28731,2006-01-01,h12v04,1424.0,2106.0,631.1,1041.1,21.0,0b00010101,0b0,Continuous
BART,44.06388,-71.28731,2007-01-01,h12v04,1424.0,2106.0,661.5,1092.4,24.0,0b00011000,0b0,Continuous
BART,44.06388,-71.28731,2008-01-01,h12v04,1424.0,2106.0,653.0,1046.9,39.0,0b00100111,0b0,Continuous
BART,44.06388,-71.28731,2009-01-01,h12v04,1424.0,2106.0,661.0,1058.3,27.0,0b00011011,0b0,Continuous
BART,44.06388,-71.28731,2010-01-01,h12v04,1424.0,2106.0,726.4,1156.8,25.0,0b00011001,0b0,Continuous
BART,44.06388,-71.28731,2011-01-01,h12v04,1424.0,2106.0,686.3,1047.0,29.0,0b00011101,0b0,Continuous
BART,44.06388,-71.28731,2012-01-01,h12v04,1424.0,2106.0,720.4,1162.8,22.0,0b00010110,0b0,Continuous
BART,44.06388,-71.28731,2013-01-01,h12v04,1424.0,2106.0,696.0,1094.8,32.0,0b00100000,0b0,Continuous
BART,44.06388,-71.28731,2014-01-01,h12v04,1424.0,2106.0,670.4,1046.6,30.0,0b00011110,0b0,Continuous
BART,44.06388,-71.28731,2015-01-01,h12v04,1424.0,2106.0,701.6,1125.6,26.0,0b00011010,0b0,Continuous
BART,44.06388,-71.28731,2016-01-01,h12v04,1424.0,2106.0,689.5,1161.0,14.0,0b00001110,0b0,Continuous
BART,44.06388,-71.28731,2017-01-01,h12v04,1424.0,2106.0,700.2,1087.1,19.0,0b00010011,0b0,Continuous
BART,44.06388,-71.28731,2018-01-01,h12v04,1424.0,2106.0,686.4,1062.6,19.0,0b00010011,0b0,Continuous
BART,44.06388,-71.28731,2019-01-01,h12v04,1424.0,2106.0,653.9,1028.9,21.0,0b00010101,0b0,Continuous
BLAN,39.06026,-78.07164,2005-01-01,h11v05,225.0,2250.0,890.8,1427.7001,33.0,0b00100001,0b0,Continuous
BLAN,39.06026,-78.07164,2006-01-01,h11v05,225.0,2250.0,766.1,1504.7001,23.0,0b00010111,0b0,Continuous
BLAN,39.06026,-78.07164,2007-01-01,h11v05,225.0,2250.0,889.4,1550.6,30.0,0b00011110,0b0,Continuous
BLAN,39.06026,-78.07164,2008-01-01,h11v05,225.0,2250.0,883.6,1514.7001,15.0,0b00001111,0b0,Continuous
BLAN,39.06026,-78.07164,2009-01-01,h11v05,225.0,2250.0,798.6,1419.1,32.0,0b00100000,0b0,Continuous
BLAN,39.06026,-78.07164,2010-01-01,h11v05,225.0,2250.0,819.1,1526.6,27.0,0b00011011,0b0,Continuous
BLAN,39.06026,-78.07164,2011-01-01,h11v05,225.0,2250.0,718.7,1432.0,22.0,0b00010110,0b0,Continuous
BLAN,39.06026,-78.07164,2012-01-01,h11v05,225.0,2250.0,858.4,1560.6,8.0,0b00001000,0b0,Continuous
BLAN,39.06026,-78.07164,2013-01-01,h11v05,225.0,2250.0,854.7,1435.3,33.0,0b00100001,0b0,Continuous
BLAN,39.06026,-78.07164,2014-01-01,h11v05,225.0,2250.0,840.3,1437.0,38.0,0b00100110,0b0,Continuous
BLAN,39.06026,-78.07164,2015-01-01,h11v05,225.0,2250.0,857.5,1464.7001,28.0,0b00011100,0b0,Continuous
BLAN,39.06026,-78.07164,2016-01-01,h11v05,225.0,2250.0,823.0,1489.7001,16.0,0b00010000,0b0,Continuous
BLAN,39.06026,-78.07164,2017-01-01,h11v05,225.0,2250.0,856.8,1529.8,22.0,0b00010110,0b0,Continuous
BLAN,39.06026,-78.07164,2018-01-01,h11v05,225.0,2250.0,825.0,1401.7001,29.0,0b00011101,0b0,Continuous
BLAN,39.06026,-78.07164,2019-01-01,h11v05,225.0,2250.0,928.1,1481.9,23.0,0b00010111,0b0,Continuous
BONA,65.15401,-147.50258,2005-01-01,h11v02,1163.0,1925.0,415.7,688.9,34.0,0b00100010,0b0,Continuous
BONA,65.15401,-147.50258,2006-01-01,h11v02,1163.0,1925.0,376.7,617.8,41.0,0b00101001,0b0,Continuous
BONA,65.15401,-147.50258,2007-01-01,h11v02,1163.0,1925.0,417.8,760.9,13.0,0b00001101,0b0,Continuous
BONA,65.15401,-147.50258,2008-01-01,h11v02,1163.0,1925.0,372.8,630.7,44.0,0b00101100,0b0,Continuous
BONA,65.15401,-147.50258,2009-01-01,h11v02,1163.0,1925.0,392.5,685.6,31.0,0b00011111,0b0,Continuous
BONA,65.15401,-147.50258,2010-01-01,h11v02,1163.0,1925.0,400.9,724.1,35.0,0b00100011,0b0,Continuous
BONA,65.15401,-147.50258,2011-01-01,h11v02,1163.0,1925.0,376.4,664.2,42.0,0b00101010,0b0,Continuous
BONA,65.15401,-147.50258,2012-01-01,h11v02,1163.0,1925.0,373.9,688.2,19.0,0b00010011,0b0,Continuous
BONA,65.15401,-147.50258,2013-01-01,h11v02,1163.0,1925.0,407.7,704.1,32.0,0b00100000,0b0,Continuous
BONA,65.15401,-147.50258,2014-01-01,h11v02,1163.0,1925.0,382.3,671.0,21.0,0b00010101,0b0,Continuous
BONA,65.15401,-147.50258,2015-01-01,h11v02,1163.0,1925.0,384.7,702.4,44.0,0b00101100,0b0,Continuous
BONA,65.15401,-147.50258,2016-01-01,h11v02,1163.0,1925.0,437.0,706.8,23.0,0b00010111,0b0,Continuous
BONA,65.15401,-147.50258,2017-01-01,h11v02,1163.0,1925.0,444.3,682.0,25.0,0b00011001,0b0,Continuous
BONA,65.15401,-147.50258,2018-01-01,h11v02,1163.0,1925.0,397.7,589.7,47.0,0b00101111,0b0,Continuous
BONA,65.15401,-147.50258,2019-01-01,h11v02,1163.0,1925.0,464.6,686.5,30.0,0b00011110,0b0,Continuous
CLBJ,33.40123,-97.57,2005-01-01,h09v05,1583.0,2050.0,509.3,1991.2001,17.0,0b00010001,0b0,Continuous
CLBJ,33.40123,-97.57,2006-01-01,h09v05,1583.0,2050.0,453.2,2078.7,7.0,0b00000111,0b0,Continuous
CLBJ,33.40123,-97.57,2007-01-01,h09v05,1583.0,2050.0,846.8,1843.7001,19.0,0b00010011,0b0,Continuous
CLBJ,33.40123,-97.57,2008-01-01,h09v05,1583.0,2050.0,714.2,2037.2001,13.0,0b00001101,0b0,Continuous
CLBJ,33.40123,-97.57,2009-01-01,h09v05,1583.0,2050.0,627.5,1928.1,15.0,0b00001111,0b0,Continuous
CLBJ,33.40123,-97.57,2010-01-01,h09v05,1583.0,2050.0,730.5,1905.8,19.0,0b00010011,0b0,Continuous
CLBJ,33.40123,-97.57,2011-01-01,h09v05,1583.0,2050.0,415.4,2064.0,2.0,0b00000010,0b0,Continuous
CLBJ,33.40123,-97.57,2012-01-01,h09v05,1583.0,2050.0,603.0,1966.9,9.0,0b00001001,0b0,Continuous
CLBJ,33.40123,-97.57,2013-01-01,h09v05,1583.0,2050.0,624.9,1877.8,7.0,0b00000111,0b0,Continuous
CLBJ,33.40123,-97.57,2014-01-01,h09v05,1583.0,2050.0,628.6,1899.3,22.0,0b00010110,0b0,Continuous
CLBJ,33.40123,-97.57,2015-01-01,h09v05,1583.0,2050.0,838.5,1884.1,12.0,0b00001100,0b0,Continuous
CLBJ,33.40123,-97.57,2016-01-01,h09v05,1583.0,2050.0,851.1,1920.0,17.0,0b00010001,0b0,Continuous
CLBJ,33.40123,-97.57,2017-01-01,h09v05,1583.0,2050.0,930.5,1992.2001,13.0,0b00001101,0b0,Continuous
CLBJ,33.40123,-97.57,2018-01-01,h09v05,1583.0,2050.0,703.1,1830.8,15.0,0b00001111,0b0,Continuous
CLBJ,33.40123,-97.57,2019-01-01,h09v05,1583.0,2050.0,889.6,1786.9,11.0,0b00001011,0b0,Continuous
CPER,40.81553,-104.7456,2005-01-01,h10v04,2204.0,174.0,308.8,1727.2001,13.0,0b00001101,0b0,Continuous
CPER,40.81553,-104.7456,2006-01-01,h10v04,2204.0,174.0,258.5,1721.4,13.0,0b00001101,0b0,Continuous
CPER,40.81553,-104.7456,2007-01-01,h10v04,2204.0,174.0,286.4,1677.3,19.0,0b00010011,0b0,Continuous
CPER,40.81553,-104.7456,2008-01-01,h10v04,2204.0,174.0,255.4,1750.4,18.0,0b00010010,0b0,Continuous
CPER,40.81553,-104.7456,2009-01-01,h10v04,2204.0,174.0,328.5,1658.1,20.0,0b00010100,0b0,Continuous
CPER,40.81553,-104.7456,2010-01-01,h10v04,2204.0,174.0,294.0,1744.4,28.0,0b00011100,0b0,Continuous
CPER,40.81553,-104.7456,2011-01-01,h10v04,2204.0,174.0,277.3,1735.0,22.0,0b00010110,0b0,Continuous
CPER,40.81553,-104.7456,2012-01-01,h10v04,2204.0,174.0,181.5,1913.4,18.0,0b00010010,0b0,Continuous
CPER,40.81553,-104.7456,2013-01-01,h10v04,2204.0,174.0,278.3,1620.9,19.0,0b00010011,0b0,Continuous
CPER,40.81553,-104.7456,2014-01-01,h10v04,2204.0,174.0,327.6,1606.7001,15.0,0b00001111,0b0,Continuous
CPER,40.81553,-104.7456,2015-01-01,h10v04,2204.0,174.0,343.3,1628.1,23.0,0b00010111,0b0,Continuous
CPER,40.81553,-104.7456,2016-01-01,h10v04,2204.0,174.0,292.2,1730.8,18.0,0b00010010,0b0,Continuous
CPER,40.81553,-104.7456,2017-01-01,h10v04,2204.0,174.0,315.8,1718.6,21.0,0b00010101,0b0,Continuous
CPER,40.81553,-104.7456,2018-01-01,h10v04,2204.0,174.0,284.0,1737.8,11.0,0b00001011,0b0,Continuous
CPER,40.81553,-104.7456,2019-01-01,h10v04,2204.0,174.0,350.4,1591.5,17.0,0b00010001,0b0,Continuous
DCFS,47.16165,-99.10656,2005-01-01,h11v04,681.0,627.0,614.0,1234.1,22.0,0b00010110,0b0,Continuous
DCFS,47.16165,-99.10656,2006-01-01,h11v04,681.0,627.0,565.2,1238.4,29.0,0b00011101,0b0,Continuous
DCFS,47.16165,-99.10656,2007-01-01,h11v04,681.0,627.0,607.1,1222.3,18.0,0b00010010,0b0,Continuous
DCFS,47.16165,-99.10656,2008-01-01,h11v04,681.0,627.0,473.9,1207.5,14.0,0b00001110,0b0,Continuous
DCFS,47.16165,-99.10656,2009-01-01,h11v04,681.0,627.0,521.8,1106.2001,26.0,0b00011010,0b0,Continuous
DCFS,47.16165,-99.10656,2010-01-01,h11v04,681.0,627.0,553.2,1170.3,19.0,0b00010011,0b0,Continuous
DCFS,47.16165,-99.10656,2011-01-01,h11v04,681.0,627.0,586.8,1068.2001,24.0,0b00011000,0b0,Continuous
DCFS,47.16165,-99.10656,2012-01-01,h11v04,681.0,627.0,531.4,1347.4,19.0,0b00010011,0b0,Continuous
DCFS,47.16165,-99.10656,2013-01-01,h11v04,681.0,627.0,494.4,1085.1,17.0,0b00010001,0b0,Continuous
DCFS,47.16165,-99.10656,2014-01-01,h11v04,681.0,627.0,523.8,1103.7001,15.0,0b00001111,0b0,Continuous
DCFS,47.16165,-99.10656,2015-01-01,h11v04,681.0,627.0,546.4,1238.0,31.0,0b00011111,0b0,Continuous
DCFS,47.16165,-99.10656,2016-01-01,h11v04,681.0,627.0,616.6,1290.2001,15.0,0b00001111,0b0,Continuous
DCFS,47.16165,-99.10656,2017-01-01,h11v04,681.0,627.0,482.8,1258.0,27.0,0b00011011,0b0,Continuous
DCFS,47.16165,-99.10656,2018-01-01,h11v04,681.0,627.0,521.3,1145.3,29.0,0b00011101,0b0,Continuous
DCFS,47.16165,-99.10656,2019-01-01,h11v04,681.0,627.0,570.2,1041.1,22.0,0b00010110,0b0,Continuous
DEJU,63.88112,-145.75136,2005-01-01,h11v02,1468.0,1400.0,381.4,827.8,27.0,0b00011011,0b0,Continuous
DEJU,63.88112,-145.75136,2006-01-01,h11v02,1468.0,1400.0,364.2,755.7,19.0,0b00010011,0b0,Continuous
DEJU,63.88112,-145.75136,2007-01-01,h11v02,1468.0,1400.0,361.5,844.5,29.0,0b00011101,0b0,Continuous
DEJU,63.88112,-145.75136,2008-01-01,h11v02,1468.0,1400.0,348.6,730.8,24.0,0b00011000,0b0,Continuous
DEJU,63.88112,-145.75136,2009-01-01,h11v02,1468.0,1400.0,356.7,824.4,29.0,0b00011101,0b0,Continuous
DEJU,63.88112,-145.75136,2010-01-01,h11v02,1468.0,1400.0,371.1,819.6,26.0,0b00011010,0b0,Continuous
DEJU,63.88112,-145.75136,2011-01-01,h11v02,1468.0,1400.0,381.9,750.5,29.0,0b00011101,0b0,Continuous
DEJU,63.88112,-145.75136,2012-01-01,h11v02,1468.0,1400.0,365.6,790.6,31.0,0b00011111,0b0,Continuous
DEJU,63.88112,-145.75136,2013-01-01,h11v02,1468.0,1400.0,356.2,847.7,34.0,0b00100010,0b0,Continuous
DEJU,63.88112,-145.75136,2014-01-01,h11v02,1468.0,1400.0,374.4,824.8,27.0,0b00011011,0b0,Continuous
DEJU,63.88112,-145.75136,2015-01-01,h11v02,1468.0,1400.0,363.1,848.4,26.0,0b00011010,0b0,Continuous
DEJU,63.88112,-145.75136,2016-01-01,h11v02,1468.0,1400.0,384.0,870.0,33.0,0b00100001,0b0,Continuous
DEJU,63.88112,-145.75136,2017-01-01,h11v02,1468.0,1400.0,373.1,833.4,37.0,0b00100101,0b0,Continuous
DEJU,63.88112,-145.75136,2018-01-01,h11v02,1468.0,1400.0,390.5,791.6,25.0,0b00011001,0b0,Continuous
DEJU,63.88112,-145.75136,2019-01-01,h11v02,1468.0,1400.0,384.1,829.6,25.0,0b00011001,0b0,Continuous
DELA,32.54172,-87.80389,2005-01-01,h10v05,1789.0,1435.0,777.7,1824.1,7.0,0b00000111,0b0,Continuous
DELA,32.54172,-87.80389,2006-01-01,h10v05,1789.0,1435.0,706.5,1884.5,6.0,0b00000110,0b0,Continuous
DELA,32.54172,-87.80389,2007-01-01,h10v05,1789.0,1435.0,664.1,1886.1,17.0,0b00010001,0b0,Continuous
DELA,32.54172,-87.80389,2008-01-01,h10v05,1789.0,1435.0,798.6,1851.1,11.0,0b00001011,0b0,Continuous
DELA,32.54172,-87.80389,2009-01-01,h10v05,1789.0,1435.0,822.6,1775.9,15.0,0b00001111,0b0,Continuous
DELA,32.54172,-87.80389,2010-01-01,h10v05,1789.0,1435.0,804.4,1903.2001,7.0,0b00000111,0b0,Continuous
DELA,32.54172,-87.80389,2011-01-01,h10v05,1789.0,1435.0,698.1,1899.4,7.0,0b00000111,0b0,Continuous
DELA,32.54172,-87.80389,2012-01-01,h10v05,1789.0,1435.0,845.8,1880.3,4.0,0b00000100,0b0,Continuous
DELA,32.54172,-87.80389,2013-01-01,h10v05,1789.0,1435.0,821.6,1709.4,24.0,0b00011000,0b0,Continuous
DELA,32.54172,-87.80389,2014-01-01,h10v05,1789.0,1435.0,870.7,1781.4,17.0,0b00010001,0b0,Continuous
DELA,32.54172,-87.80389,2015-01-01,h10v05,1789.0,1435.0,795.8,1765.7001,17.0,0b00010001,0b0,Continuous
DELA,32.54172,-87.80389,2016-01-01,h10v05,1789.0,1435.0,748.0,1921.0,13.0,0b00001101,0b0,Continuous
DELA,32.54172,-87.80389,2017-01-01,h10v05,1789.0,1435.0,875.4,1801.1,9.0,0b00001001,0b0,Continuous
DELA,32.54172,-87.80389,2018-01-01,h10v05,1789.0,1435.0,890.2,1785.8,8.0,0b00001000,0b0,Continuous
DELA,32.54172,-87.80389,2019-01-01,h10v05,1789.0,1435.0,837.2,1799.0,9.0,0b00001001,0b0,Continuous
DSNY,28.12504,-81.4362,2005-01-01,h10v06,449.0,1963.0,740.8,1864.8,15.0,0b00001111,0b0,Continuous
DSNY,28.12504,-81.4362,2006-01-01,h10v06,449.0,1963.0,693.0,2016.3,10.0,0b00001010,0b0,Continuous
DSNY,28.12504,-81.4362,2007-01-01,h10v06,449.0,1963.0,743.2,2004.3,11.0,0b00001011,0b0,Continuous
DSNY,28.12504,-81.4362,2008-01-01,h10v06,449.0,1963.0,782.1,1965.2001,20.0,0b00010100,0b0,Continuous
DSNY,28.12504,-81.4362,2009-01-01,h10v06,449.0,1963.0,726.8,1919.5,20.0,0b00010100,0b0,Continuous
DSNY,28.12504,-81.4362,2010-01-01,h10v06,449.0,1963.0,707.0,1986.6,13.0,0b00001101,0b0,Continuous
DSNY,28.12504,-81.4362,2011-01-01,h10v06,449.0,1963.0,731.5,2006.9,13.0,0b00001101,0b0,Continuous
DSNY,28.12504,-81.4362,2012-01-01,h10v06,449.0,1963.0,714.2,1970.3,9.0,0b00001001,0b0,Continuous
DSNY,28.12504,-81.4362,2013-01-01,h10v06,449.0,1963.0,796.3,1979.7001,9.0,0b00001001,0b0,Continuous
DSNY,28.12504,-81.4362,2014-01-01,h10v06,449.0,1963.0,828.7,1939.3,11.0,0b00001011,0b0,Continuous
DSNY,28.12504,-81.4362,2015-01-01,h10v06,449.0,1963.0,798.5,1936.1,17.0,0b00010001,0b0,Continuous
DSNY,28.12504,-81.4362,2016-01-01,h10v06,449.0,1963.0,877.7,1992.5,7.0,0b00000111,0b0,Continuous
DSNY,28.12504,-81.4362,2017-01-01,h10v06,449.0,1963.0,809.7,1947.9,11.0,0b00001011,0b0,Continuous
DSNY,28.12504,-81.4362,2018-01-01,h10v06,449.0,1963.0,764.4,1829.4,9.0,0b00001001,0b0,Continuous
DSNY,28.12504,-81.4362,2019-01-01,h10v06,449.0,1963.0,888.4,1925.4,13.0,0b00001101,0b0,Continuous
GRSM,35.68896,-83.50195,2005-01-01,h11v05,1034.0,523.0,869.5,1647.1,24.0,0b00011000,0b0,Continuous
GRSM,35.68896,-83.50195,2006-01-01,h11v05,1034.0,523.0,700.1,1633.6,35.0,0b00100011,0b0,Continuous
GRSM,35.68896,-83.50195,2007-01-01,h11v05,1034.0,523.0,753.1,1695.9,23.0,0b00010111,0b0,Continuous
GRSM,35.68896,-83.50195,2008-01-01,h11v05,1034.0,523.0,823.2,1723.1,15.0,0b00001111,0b0,Continuous
GRSM,35.68896,-83.50195,2009-01-01,h11v05,1034.0,523.0,781.8,1481.0,39.0,0b00100111,0b0,Continuous
GRSM,35.68896,-83.50195,2010-01-01,h11v05,1034.0,523.0,839.5,1715.9,25.0,0b00011001,0b0,Continuous
GRSM,35.68896,-83.50195,2011-01-01,h11v05,1034.0,523.0,820.7,1696.8,19.0,0b00010011,0b0,Continuous
GRSM,35.68896,-83.50195,2012-01-01,h11v05,1034.0,523.0,894.5,1734.3,19.0,0b00010011,0b0,Continuous
GRSM,35.68896,-83.50195,2013-01-01,h11v05,1034.0,523.0,875.3,1556.6,26.0,0b00011010,0b0,Continuous
GRSM,35.68896,-83.50195,2014-01-01,h11v05,1034.0,523.0,873.6,1637.3,27.0,0b00011011,0b0,Continuous
GRSM,35.68896,-83.50195,2015-01-01,h11v05,1034.0,523.0,808.8,1614.3,36.0,0b00100100,0b0,Continuous
GRSM,35.68896,-83.50195,2016-01-01,h11v05,1034.0,523.0,843.7,1767.1,31.0,0b00011111,0b0,Continuous
GRSM,35.68896,-83.50195,2017-01-01,h11v05,1034.0,523.0,824.8,1693.2001,7.0,0b00000111,0b0,Continuous
GRSM,35.68896,-83.50195,2018-01-01,h11v05,1034.0,523.0,826.5,1573.9,19.0,0b00010011,0b0,Continuous
GRSM,35.68896,-83.50195,2019-01-01,h11v05,1034.0,523.0,864.2,1646.1,13.0,0b00001101,0b0,Continuous
GUAN,17.96955,-66.8687,2005-01-01,h11v07,487.0,1534.0,1620.0,2199.6001,11.0,0b00001011,0b0,Continuous
GUAN,17.96955,-66.8687,2006-01-01,h11v07,487.0,1534.0,1777.7001,2351.8,2.0,0b00000010,0b0,Continuous
GUAN,17.96955,-66.8687,2007-01-01,h11v07,487.0,1534.0,1607.1,2283.2,7.0,0b00000111,0b0,Continuous
GUAN,17.96955,-66.8687,2008-01-01,h11v07,487.0,1534.0,1611.7001,2288.2,4.0,0b00000100,0b0,Continuous
GUAN,17.96955,-66.8687,2009-01-01,h11v07,487.0,1534.0,1728.2001,2343.1001,2.0,0b00000010,0b0,Continuous
GUAN,17.96955,-66.8687,2010-01-01,h11v07,487.0,1534.0,1688.3,2286.7,20.0,0b00010100,0b0,Continuous
GUAN,17.96955,-66.8687,2011-01-01,h11v07,487.0,1534.0,1658.1,2228.1001,13.0,0b00001101,0b0,Continuous
GUAN,17.96955,-66.8687,2012-01-01,h11v07,487.0,1534.0,1781.1,2379.7,0.0,0b00000000,0b0,Continuous
GUAN,17.96955,-66.8687,2013-01-01,h11v07,487.0,1534.0,1660.7001,2299.8,9.0,0b00001001,0b0,Continuous
GUAN,17.96955,-66.8687,2014-01-01,h11v07,487.0,1534.0,1730.2001,2340.2,7.0,0b00000111,0b0,Continuous
GUAN,17.96955,-66.8687,2015-01-01,h11v07,487.0,1534.0,1495.1,2327.5,11.0,0b00001011,0b0,Continuous
GUAN,17.96955,-66.8687,2016-01-01,h11v07,487.0,1534.0,1644.7001,2277.8,13.0,0b00001101,0b0,Continuous
GUAN,17.96955,-66.8687,2017-01-01,h11v07,487.0,1534.0,1681.3,2291.3,2.0,0b00000010,0b0,Continuous
GUAN,17.96955,-66.8687,2018-01-01,h11v07,487.0,1534.0,1805.4,2414.6001,7.0,0b00000111,0b0,Continuous
GUAN,17.96955,-66.8687,2019-01-01,h11v07,487.0,1534.0,1593.0,2401.5,4.0,0b00000100,0b0,Continuous
HARV,42.5369,-72.17266,2005-01-01,h12v04,1791.0,1636.0,732.4,1205.8,38.0,0b00100110,0b0,Continuous
HARV,42.5369,-72.17266,2006-01-01,h12v04,1791.0,1636.0,719.0,1189.9,19.0,0b00010011,0b0,Continuous
HARV,42.5369,-72.17266,2007-01-01,h12v04,1791.0,1636.0,722.9,1261.8,36.0,0b00100100,0b0,Continuous
HARV,42.5369,-72.17266,2008-01-01,h12v04,1791.0,1636.0,667.6,1220.4,24.0,0b00011000,0b0,Continuous
HARV,42.5369,-72.17266,2009-01-01,h12v04,1791.0,1636.0,642.2,1160.0,36.0,0b00100100,0b0,Continuous
HARV,42.5369,-72.17266,2010-01-01,h12v04,1791.0,1636.0,733.4,1307.3,32.0,0b00100000,0b0,Continuous
HARV,42.5369,-72.17266,2011-01-01,h12v04,1791.0,1636.0,771.8,1215.4,29.0,0b00011101,0b0,Continuous
HARV,42.5369,-72.17266,2012-01-01,h12v04,1791.0,1636.0,717.6,1302.2001,26.0,0b00011010,0b0,Continuous
HARV,42.5369,-72.17266,2013-01-01,h12v04,1791.0,1636.0,741.0,1246.2001,33.0,0b00100001,0b0,Continuous
HARV,42.5369,-72.17266,2014-01-01,h12v04,1791.0,1636.0,737.0,1223.5,25.0,0b00011001,0b0,Continuous
HARV,42.5369,-72.17266,2015-01-01,h12v04,1791.0,1636.0,790.7,1272.8,28.0,0b00011100,0b0,Continuous
HARV,42.5369,-72.17266,2016-01-01,h12v04,1791.0,1636.0,725.7,1323.6,34.0,0b00100010,0b0,Continuous
HARV,42.5369,-72.17266,2017-01-01,h12v04,1791.0,1636.0,768.3,1222.6,31.0,0b00011111,0b0,Continuous
HARV,42.5369,-72.17266,2018-01-01,h12v04,1791.0,1636.0,696.4,1174.6,36.0,0b00100100,0b0,Continuous
HARV,42.5369,-72.17266,2019-01-01,h12v04,1791.0,1636.0,760.9,1227.1,12.0,0b00001100,0b0,Continuous
HEAL,63.87569,-149.21334,2005-01-01,h11v02,1469.0,1031.0,407.9,612.1,46.0,0b00101110,0b0,Continuous
HEAL,63.87569,-149.21334,2006-01-01,h11v02,1469.0,1031.0,357.2,544.3,50.0,0b00110010,0b0,Continuous
HEAL,63.87569,-149.21334,2007-01-01,h11v02,1469.0,1031.0,409.5,651.0,38.0,0b00100110,0b0,Continuous
HEAL,63.87569,-149.21334,2008-01-01,h11v02,1469.0,1031.0,364.5,550.9,39.0,0b00100111,0b0,Continuous
HEAL,63.87569,-149.21334,2009-01-01,h11v02,1469.0,1031.0,392.5,640.8,37.0,0b00100101,0b0,Continuous
HEAL,63.87569,-149.21334,2010-01-01,h11v02,1469.0,1031.0,396.8,640.0,42.0,0b00101010,0b0,Continuous
HEAL,63.87569,-149.21334,2011-01-01,h11v02,1469.0,1031.0,356.1,583.2,54.0,0b00110110,0b0,Continuous
HEAL,63.87569,-149.21334,2012-01-01,h11v02,1469.0,1031.0,366.6,580.5,37.0,0b00100101,0b0,Continuous
HEAL,63.87569,-149.21334,2013-01-01,h11v02,1469.0,1031.0,371.8,596.8,58.0,0b00111010,0b0,Continuous
HEAL,63.87569,-149.21334,2014-01-01,h11v02,1469.0,1031.0,393.5,642.2,40.0,0b00101000,0b0,Continuous
HEAL,63.87569,-149.21334,2015-01-01,h11v02,1469.0,1031.0,368.3,610.4,45.0,0b00101101,0b0,Continuous
HEAL,63.87569,-149.21334,2016-01-01,h11v02,1469.0,1031.0,424.6,650.6,49.0,0b00110001,0b0,Continuous
HEAL,63.87569,-149.21334,2017-01-01,h11v02,1469.0,1031.0,403.2,607.9,40.0,0b00101000,0b0,Continuous
HEAL,63.87569,-149.21334,2018-01-01,h11v02,1469.0,1031.0,400.8,578.7,48.0,0b00110000,0b0,Continuous
HEAL,63.87569,-149.21334,2019-01-01,h11v02,1469.0,1031.0,427.4,640.5,47.0,0b00101111,0b0,Continuous
JERC,31.19484,-84.46861,2005-01-01,h10v05,2113.0,1858.0,1032.2001,1949.2001,15.0,0b00001111,0b0,Continuous
JERC,31.19484,-84.46861,2006-01-01,h10v05,2113.0,1858.0,937.1,2027.0,13.0,0b00001101,0b0,Continuous
JERC,31.19484,-84.46861,2007-01-01,h10v05,2113.0,1858.0,859.8,1856.0,22.0,0b00010110,0b0,Continuous
JERC,31.19484,-84.46861,2008-01-01,h10v05,2113.0,1858.0,969.0,1910.7001,13.0,0b00001101,0b0,Continuous
JERC,31.19484,-84.46861,2009-01-01,h10v05,2113.0,1858.0,1045.7001,1795.4,22.0,0b00010110,0b0,Continuous
JERC,31.19484,-84.46861,2010-01-01,h10v05,2113.0,1858.0,955.4,1985.1,9.0,0b00001001,0b0,Continuous
JERC,31.19484,-84.46861,2011-01-01,h10v05,2113.0,1858.0,855.2,1970.9,11.0,0b00001011,0b0,Continuous
JERC,31.19484,-84.46861,2012-01-01,h10v05,2113.0,1858.0,990.7,1960.7001,11.0,0b00001011,0b0,Continuous
JERC,31.19484,-84.46861,2013-01-01,h10v05,2113.0,1858.0,1048.8,1817.2001,15.0,0b00001111,0b0,Continuous
JERC,31.19484,-84.46861,2014-01-01,h10v05,2113.0,1858.0,1022.1,1868.6,16.0,0b00010000,0b0,Continuous
JERC,31.19484,-84.46861,2015-01-01,h10v05,2113.0,1858.0,1036.0,1916.7001,7.0,0b00000111,0b0,Continuous
JERC,31.19484,-84.46861,2016-01-01,h10v05,2113.0,1858.0,1028.2001,2052.8,7.0,0b00000111,0b0,Continuous
JERC,31.19484,-84.46861,2017-01-01,h10v05,2113.0,1858.0,1008.7,1986.9,18.0,0b00010010,0b0,Continuous
JERC,31.19484,-84.46861,2018-01-01,h10v05,2113.0,1858.0,1148.7001,1890.7001,19.0,0b00010011,0b0,Continuous
JERC,31.19484,-84.46861,2019-01-01,h10v05,2113.0,1858.0,990.4,1900.3,21.0,0b00010101,0b0,Continuous
JORN,32.59068,-106.84254,2005-01-01,h08v05,1778.0,2395.0,120.4,2322.7,4.0,0b00000100,0b0,Continuous
JORN,32.59068,-106.84254,2006-01-01,h08v05,1778.0,2395.0,138.7,2307.8,9.0,0b00001001,0b0,Continuous
JORN,32.59068,-106.84254,2007-01-01,h08v05,1778.0,2395.0,139.5,2354.4001,2.0,0b00000010,0b0,Continuous
JORN,32.59068,-106.84254,2008-01-01,h08v05,1778.0,2395.0,148.3,2380.8,9.0,0b00001001,0b0,Continuous
JORN,32.59068,-106.84254,2009-01-01,h08v05,1778.0,2395.0,92.4,2385.2,8.0,0b00001000,0b0,Continuous
JORN,32.59068,-106.84254,2010-01-01,h08v05,1778.0,2395.0,139.8,2327.4001,9.0,0b00001001,0b0,Continuous
JORN,32.59068,-106.84254,2011-01-01,h08v05,1778.0,2395.0,81.3,2497.0,6.0,0b00000110,0b0,Continuous
JORN,32.59068,-106.84254,2012-01-01,h08v05,1778.0,2395.0,80.4,2494.6001,13.0,0b00001101,0b0,Continuous
JORN,32.59068,-106.84254,2013-01-01,h08v05,1778.0,2395.0,147.7,2297.7,13.0,0b00001101,0b0,Continuous
JORN,32.59068,-106.84254,2014-01-01,h08v05,1778.0,2395.0,151.9,2268.8,6.0,0b00000110,0b0,Continuous
JORN,32.59068,-106.84254,2015-01-01,h08v05,1778.0,2395.0,171.7,2208.7,25.0,0b00011001,0b0,Continuous
JORN,32.59068,-106.84254,2016-01-01,h08v05,1778.0,2395.0,140.3,2355.7,6.0,0b00000110,0b0,Continuous
JORN,32.59068,-106.84254,2017-01-01,h08v05,1778.0,2395.0,141.7,2357.7,17.0,0b00010001,0b0,Continuous
JORN,32.59068,-106.84254,2018-01-01,h08v05,1778.0,2395.0,103.1,2388.9001,21.0,0b00010101,0b0,Continuous
JORN,32.59068,-106.84254,2019-01-01,h08v05,1778.0,2395.0,151.1,2227.0,18.0,0b00010010,0b0,Continuous
KONA,39.11044,-96.61295,2005-01-01,h10v05,213.0,1208.0,540.4,1596.0,21.0,0b00010101,0b0,Continuous
KONA,39.11044,-96.61295,2006-01-01,h10v05,213.0,1208.0,475.7,1735.7001,17.0,0b00010001,0b0,Continuous
KONA,39.11044,-96.61295,2007-01-01,h10v05,213.0,1208.0,641.5,1534.7001,29.0,0b00011101,0b0,Continuous
KONA,39.11044,-96.61295,2008-01-01,h10v05,213.0,1208.0,612.4,1500.5,25.0,0b00011001,0b0,Continuous
KONA,39.11044,-96.61295,2009-01-01,h10v05,213.0,1208.0,632.3,1545.0,24.0,0b00011000,0b0,Continuous
KONA,39.11044,-96.61295,2010-01-01,h10v05,213.0,1208.0,645.8,1596.0,28.0,0b00011100,0b0,Continuous
KONA,39.11044,-96.61295,2011-01-01,h10v05,213.0,1208.0,504.5,1686.1,29.0,0b00011101,0b0,Continuous
KONA,39.11044,-96.61295,2012-01-01,h10v05,213.0,1208.0,506.8,1785.5,17.0,0b00010001,0b0,Continuous
KONA,39.11044,-96.61295,2013-01-01,h10v05,213.0,1208.0,610.4,1579.7001,26.0,0b00011010,0b0,Continuous
KONA,39.11044,-96.61295,2014-01-01,h10v05,213.0,1208.0,516.1,1641.1,32.0,0b00100000,0b0,Continuous
KONA,39.11044,-96.61295,2015-01-01,h10v05,213.0,1208.0,603.8,1607.9,24.0,0b00011000,0b0,Continuous
KONA,39.11044,-96.61295,2016-01-01,h10v05,213.0,1208.0,615.1,1590.7001,18.0,0b00010010,0b0,Continuous
KONA,39.11044,-96.61295,2017-01-01,h10v05,213.0,1208.0,642.4,1663.2001,19.0,0b00010011,0b0,Continuous
KONA,39.11044,-96.61295,2018-01-01,h10v05,213.0,1208.0,583.4,1583.3,19.0,0b00010011,0b0,Continuous
KONA,39.11044,-96.61295,2019-01-01,h10v05,213.0,1208.0,777.5,1388.4,27.0,0b00011011,0b0,Continuous
KONZ,39.10077,-96.56309,2005-01-01,h10v05,215.0,1215.0,623.9,1605.6,17.0,0b00010001,0b0,Continuous
KONZ,39.10077,-96.56309,2006-01-01,h10v05,215.0,1215.0,641.3,1728.1,10.0,0b00001010,0b0,Continuous
KONZ,39.10077,-96.56309,2007-01-01,h10v05,215.0,1215.0,809.9,1578.8,37.0,0b00100101,0b0,Continuous
KONZ,39.10077,-96.56309,2008-01-01,h10v05,215.0,1215.0,820.7,1520.6,23.0,0b00010111,0b0,Continuous
KONZ,39.10077,-96.56309,2009-01-01,h10v05,215.0,1215.0,763.6,1547.5,19.0,0b00010011,0b0,Continuous
KONZ,39.10077,-96.56309,2010-01-01,h10v05,215.0,1215.0,840.8,1635.3,18.0,0b00010010,0b0,Continuous
KONZ,39.10077,-96.56309,2011-01-01,h10v05,215.0,1215.0,539.2,1689.5,17.0,0b00010001,0b0,Continuous
KONZ,39.10077,-96.56309,2012-01-01,h10v05,215.0,1215.0,523.0,1794.0,16.0,0b00010000,0b0,Continuous
KONZ,39.10077,-96.56309,2013-01-01,h10v05,215.0,1215.0,794.0,1572.8,24.0,0b00011000,0b0,Continuous
KONZ,39.10077,-96.56309,2014-01-01,h10v05,215.0,1215.0,642.0,1632.8,30.0,0b00011110,0b0,Continuous
KONZ,39.10077,-96.56309,2015-01-01,h10v05,215.0,1215.0,759.1,1630.8,17.0,0b00010001,0b0,Continuous
KONZ,39.10077,-96.56309,2016-01-01,h10v05,215.0,1215.0,787.4,1605.3,23.0,0b00010111,0b0,Continuous
KONZ,39.10077,-96.56309,2017-01-01,h10v05,215.0,1215.0,771.9,1688.2001,8.0,0b00001000,0b0,Continuous
KONZ,39.10077,-96.56309,2018-01-01,h10v05,215.0,1215.0,590.9,1580.7001,14.0,0b00001110,0b0,Continuous
KONZ,39.10077,-96.56309,2019-01-01,h10v05,215.0,1215.0,830.0,1401.9,13.0,0b00001101,0b0,Continuous
LAJA,18.02125,-67.0769,2005-01-01,h11v07,474.0,1491.0,973.6,2048.7,20.0,0b00010100,0b0,Continuous
LAJA,18.02125,-67.0769,2006-01-01,h11v07,474.0,1491.0,995.2,2212.9001,20.0,0b00010100,0b0,Continuous
LAJA,18.02125,-67.0769,2007-01-01,h11v07,474.0,1491.0,906.0,2201.5,15.0,0b00001111,0b0,Continuous
LAJA,18.02125,-67.0769,2008-01-01,h11v07,474.0,1491.0,851.1,2160.7,22.0,0b00010110,0b0,Continuous
LAJA,18.02125,-67.0769,2009-01-01,h11v07,474.0,1491.0,936.6,2185.1001,20.0,0b00010100,0b0,Continuous
LAJA,18.02125,-67.0769,2010-01-01,h11v07,474.0,1491.0,1023.9,2128.6001,26.0,0b00011010,0b0,Continuous
LAJA,18.02125,-67.0769,2011-01-01,h11v07,474.0,1491.0,942.1,2098.7,18.0,0b00010010,0b0,Continuous
LAJA,18.02125,-67.0769,2012-01-01,h11v07,474.0,1491.0,841.9,2261.5,20.0,0b00010100,0b0,Continuous
LAJA,18.02125,-67.0769,2013-01-01,h11v07,474.0,1491.0,860.8,2170.8,24.0,0b00011000,0b0,Continuous
LAJA,18.02125,-67.0769,2014-01-01,h11v07,474.0,1491.0,845.3,2223.7,22.0,0b00010110,0b0,Continuous
LAJA,18.02125,-67.0769,2015-01-01,h11v07,474.0,1491.0,819.2,2258.6001,20.0,0b00010100,0b0,Continuous
LAJA,18.02125,-67.0769,2016-01-01,h11v07,474.0,1491.0,951.5,2147.1001,33.0,0b00100001,0b0,Continuous
LAJA,18.02125,-67.0769,2017-01-01,h11v07,474.0,1491.0,986.0,2145.6001,18.0,0b00010010,0b0,Continuous
LAJA,18.02125,-67.0769,2018-01-01,h11v07,474.0,1491.0,799.8,2290.9001,19.0,0b00010011,0b0,Continuous
LAJA,18.02125,-67.0769,2019-01-01,h11v07,474.0,1491.0,836.7,2310.5,22.0,0b00010110,0b0,Continuous
LENO,31.85388,-88.16122,2005-01-01,h10v05,1955.0,1227.0,65531.0,65531.0,251.0,0b11111011,0b0,Continuous
LENO,31.85388,-88.16122,2006-01-01,h10v05,1955.0,1227.0,65531.0,65531.0,251.0,0b11111011,0b0,Continuous
LENO,31.85388,-88.16122,2007-01-01,h10v05,1955.0,1227.0,65531.0,65531.0,251.0,0b11111011,0b0,Continuous
LENO,31.85388,-88.16122,2008-01-01,h10v05,1955.0,1227.0,65531.0,65531.0,251.0,0b11111011,0b0,Continuous
LENO,31.85388,-88.16122,2009-01-01,h10v05,1955.0,1227.0,65531.0,65531.0,251.0,0b11111011,0b0,Continuous
LENO,31.85388,-88.16122,2010-01-01,h10v05,1955.0,1227.0,65531.0,65531.0,251.0,0b11111011,0b0,Continuous
LENO,31.85388,-88.16122,2011-01-01,h10v05,1955.0,1227.0,65531.0,65531.0,251.0,0b11111011,0b0,Continuous
LENO,31.85388,-88.16122,2012-01-01,h10v05,1955.0,1227.0,65531.0,65531.0,251.0,0b11111011,0b0,Continuous
LENO,31.85388,-88.16122,2013-01-01,h10v05,1955.0,1227.0,65531.0,65531.0,251.0,0b11111011,0b0,Continuous
LENO,31.85388,-88.16122,2014-01-01,h10v05,1955.0,1227.0,65531.0,65531.0,251.0,0b11111011,0b0,Continuous
LENO,31.85388,-88.16122,2015-01-01,h10v05,1955.0,1227.0,65531.0,65531.0,251.0,0b11111011,0b0,Continuous
LENO,31.85388,-88.16122,2016-01-01,h10v05,1955.0,1227.0,65531.0,65531.0,251.0,0b11111011,0b0,Continuous
LENO,31.85388,-88.16122,2017-01-01,h10v05,1955.0,1227.0,65531.0,65531.0,251.0,0b11111011,0b0,Continuous
LENO,31.85388,-88.16122,2018-01-01,h10v05,1955.0,1227.0,65531.0,65531.0,251.0,0b11111011,0b0,Continuous
LENO,31.85388,-88.16122,2019-01-01,h10v05,1955.0,1227.0,65531.0,65531.0,251.0,0b11111011,0b0,Continuous
MLBS,37.37828,-80.52484,2005-01-01,h11v05,629.0,1442.0,659.5,1359.9,40.0,0b00101000,0b0,Continuous
MLBS,37.37828,-80.52484,2006-01-01,h11v05,629.0,1442.0,686.2,1545.0,39.0,0b00100111,0b0,Continuous
MLBS,37.37828,-80.52484,2007-01-01,h11v05,629.0,1442.0,681.4,1624.4,28.0,0b00011100,0b0,Continuous
MLBS,37.37828,-80.52484,2008-01-01,h11v05,629.0,1442.0,783.3,1602.8,24.0,0b00011000,0b0,Continuous
MLBS,37.37828,-80.52484,2009-01-01,h11v05,629.0,1442.0,705.1,1439.4,32.0,0b00100000,0b0,Continuous
MLBS,37.37828,-80.52484,2010-01-01,h11v05,629.0,1442.0,753.0,1527.1,45.0,0b00101101,0b0,Continuous
MLBS,37.37828,-80.52484,2011-01-01,h11v05,629.0,1442.0,835.9,1581.8,38.0,0b00100110,0b0,Continuous
MLBS,37.37828,-80.52484,2012-01-01,h11v05,629.0,1442.0,606.4,1593.3,41.0,0b00101001,0b0,Continuous
MLBS,37.37828,-80.52484,2013-01-01,h11v05,629.0,1442.0,684.4,1428.8,46.0,0b00101110,0b0,Continuous
MLBS,37.37828,-80.52484,2014-01-01,h11v05,629.0,1442.0,672.7,1484.4,34.0,0b00100010,0b0,Continuous
MLBS,37.37828,-80.52484,2015-01-01,h11v05,629.0,1442.0,746.7,1559.2001,42.0,0b00101010,0b0,Continuous
MLBS,37.37828,-80.52484,2016-01-01,h11v05,629.0,1442.0,740.2,1604.3,32.0,0b00100000,0b0,Continuous
MLBS,37.37828,-80.52484,2017-01-01,h11v05,629.0,1442.0,741.1,1584.6,29.0,0b00011101,0b0,Continuous
MLBS,37.37828,-80.52484,2018-01-01,h11v05,629.0,1442.0,694.8,1371.0,24.0,0b00011000,0b0,Continuous
MLBS,37.37828,-80.52484,2019-01-01,h11v05,629.0,1442.0,719.9,1577.8,25.0,0b00011001,0b0,Continuous
MOAB,38.24833,-109.38827,2005-01-01,h09v05,420.0,982.0,209.0,1956.8,11.0,0b00001011,0b0,Continuous
MOAB,38.24833,-109.38827,2006-01-01,h09v05,420.0,982.0,179.8,1967.7001,12.0,0b00001100,0b0,Continuous
MOAB,38.24833,-109.38827,2007-01-01,h09v05,420.0,982.0,164.2,2052.5,8.0,0b00001000,0b0,Continuous
MOAB,38.24833,-109.38827,2008-01-01,h09v05,420.0,982.0,159.6,2019.4,11.0,0b00001011,0b0,Continuous
MOAB,38.24833,-109.38827,2009-01-01,h09v05,420.0,982.0,170.7,1994.0,13.0,0b00001101,0b0,Continuous
MOAB,38.24833,-109.38827,2010-01-01,h09v05,420.0,982.0,198.3,1888.6,28.0,0b00011100,0b0,Continuous
MOAB,38.24833,-109.38827,2011-01-01,h09v05,420.0,982.0,182.7,1909.9,14.0,0b00001110,0b0,Continuous
MOAB,38.24833,-109.38827,2012-01-01,h09v05,420.0,982.0,150.5,2088.1001,8.0,0b00001000,0b0,Continuous
MOAB,38.24833,-109.38827,2013-01-01,h09v05,420.0,982.0,205.2,1832.5,20.0,0b00010100,0b0,Continuous
MOAB,38.24833,-109.38827,2014-01-01,h09v05,420.0,982.0,176.3,1983.4,21.0,0b00010101,0b0,Continuous
MOAB,38.24833,-109.38827,2015-01-01,h09v05,420.0,982.0,207.6,1926.7001,15.0,0b00001111,0b0,Continuous
MOAB,38.24833,-109.38827,2016-01-01,h09v05,420.0,982.0,207.0,1943.9,22.0,0b00010110,0b0,Continuous
MOAB,38.24833,-109.38827,2017-01-01,h09v05,420.0,982.0,169.8,1988.7001,13.0,0b00001101,0b0,Continuous
MOAB,38.24833,-109.38827,2018-01-01,h09v05,420.0,982.0,157.5,2059.9001,16.0,0b00010000,0b0,Continuous
MOAB,38.24833,-109.38827,2019-01-01,h09v05,420.0,982.0,221.5,1828.7001,20.0,0b00010100,0b0,Continuous
NIWO,40.05425,-105.58237,2005-01-01,h09v04,2386.0,2204.0,375.5,1479.8,53.0,0b00110101,0b0,Continuous
NIWO,40.05425,-105.58237,2006-01-01,h09v04,2386.0,2204.0,352.3,1429.8,56.0,0b00111000,0b0,Continuous
NIWO,40.05425,-105.58237,2007-01-01,h09v04,2386.0,2204.0,361.5,1491.0,49.0,0b00110001,0b0,Continuous
NIWO,40.05425,-105.58237,2008-01-01,h09v04,2386.0,2204.0,358.6,1503.5,45.0,0b00101101,0b0,Continuous
NIWO,40.05425,-105.58237,2009-01-01,h09v04,2386.0,2204.0,356.2,1412.8,60.0,0b00111100,0b0,Continuous
NIWO,40.05425,-105.58237,2010-01-01,h09v04,2386.0,2204.0,378.5,1515.0,54.0,0b00110110,0b0,Continuous
NIWO,40.05425,-105.58237,2011-01-01,h09v04,2386.0,2204.0,378.5,1419.2001,53.0,0b00110101,0b0,Continuous
NIWO,40.05425,-105.58237,2012-01-01,h09v04,2386.0,2204.0,308.5,1668.7001,41.0,0b00101001,0b0,Continuous
NIWO,40.05425,-105.58237,2013-01-01,h09v04,2386.0,2204.0,409.7,1357.8,55.0,0b00110111,0b0,Continuous
NIWO,40.05425,-105.58237,2014-01-01,h09v04,2386.0,2204.0,403.6,1330.8,51.0,0b00110011,0b0,Continuous
NIWO,40.05425,-105.58237,2015-01-01,h09v04,2386.0,2204.0,398.8,1350.5,51.0,0b00110011,0b0,Continuous
NIWO,40.05425,-105.58237,2016-01-01,h09v04,2386.0,2204.0,379.7,1467.4,42.0,0b00101010,0b0,Continuous
NIWO,40.05425,-105.58237,2017-01-01,h09v04,2386.0,2204.0,366.9,1394.1,56.0,0b00111000,0b0,Continuous
NIWO,40.05425,-105.58237,2018-01-01,h09v04,2386.0,2204.0,348.0,1565.7001,50.0,0b00110010,0b0,Continuous
NIWO,40.05425,-105.58237,2019-01-01,h09v04,2386.0,2204.0,389.5,1315.0,57.0,0b00111001,0b0,Continuous
NOGP,46.76972,-100.91535,2005-01-01,h11v04,775.0,211.0,457.1,1280.3,7.0,0b00000111,0b0,Continuous
NOGP,46.76972,-100.91535,2006-01-01,h11v04,775.0,211.0,311.4,1349.8,30.0,0b00011110,0b0,Continuous
NOGP,46.76972,-100.91535,2007-01-01,h11v04,775.0,211.0,453.2,1271.2001,22.0,0b00010110,0b0,Continuous
NOGP,46.76972,-100.91535,2008-01-01,h11v04,775.0,211.0,368.3,1264.0,18.0,0b00010010,0b0,Continuous
NOGP,46.76972,-100.91535,2009-01-01,h11v04,775.0,211.0,436.5,1141.3,24.0,0b00011000,0b0,Continuous
NOGP,46.76972,-100.91535,2010-01-01,h11v04,775.0,211.0,465.9,1168.6,18.0,0b00010010,0b0,Continuous
NOGP,46.76972,-100.91535,2011-01-01,h11v04,775.0,211.0,530.0,1086.0,23.0,0b00010111,0b0,Continuous
NOGP,46.76972,-100.91535,2012-01-01,h11v04,775.0,211.0,381.7,1370.9,17.0,0b00010001,0b0,Continuous
NOGP,46.76972,-100.91535,2013-01-01,h11v04,775.0,211.0,486.9,1137.9,21.0,0b00010101,0b0,Continuous
NOGP,46.76972,-100.91535,2014-01-01,h11v04,775.0,211.0,486.1,1129.9,24.0,0b00011000,0b0,Continuous
NOGP,46.76972,-100.91535,2015-01-01,h11v04,775.0,211.0,445.0,1249.1,17.0,0b00010001,0b0,Continuous
NOGP,46.76972,-100.91535,2016-01-01,h11v04,775.0,211.0,458.6,1326.3,24.0,0b00011000,0b0,Continuous
NOGP,46.76972,-100.91535,2017-01-01,h11v04,775.0,211.0,379.0,1285.3,25.0,0b00011001,0b0,Continuous
NOGP,46.76972,-100.91535,2018-01-01,h11v04,775.0,211.0,416.7,1209.7001,30.0,0b00011110,0b0,Continuous
NOGP,46.76972,-100.91535,2019-01-01,h11v04,775.0,211.0,449.2,1070.0,20.0,0b00010100,0b0,Continuous
OAES,35.41059,-99.05879,2005-01-01,h09v05,1101.0,2223.0,373.5,1938.5,10.0,0b00001010,0b0,Continuous
OAES,35.41059,-99.05879,2006-01-01,h09v05,1101.0,2223.0,255.0,2098.0,9.0,0b00001001,0b0,Continuous
OAES,35.41059,-99.05879,2007-01-01,h09v05,1101.0,2223.0,509.1,1772.7001,19.0,0b00010011,0b0,Continuous
OAES,35.41059,-99.05879,2008-01-01,h09v05,1101.0,2223.0,304.0,2014.2001,13.0,0b00001101,0b0,Continuous
OAES,35.41059,-99.05879,2009-01-01,h09v05,1101.0,2223.0,357.6,1899.6,14.0,0b00001110,0b0,Continuous
OAES,35.41059,-99.05879,2010-01-01,h09v05,1101.0,2223.0,370.2,1859.7001,11.0,0b00001011,0b0,Continuous
OAES,35.41059,-99.05879,2011-01-01,h09v05,1101.0,2223.0,178.4,2183.4001,9.0,0b00001001,0b0,Continuous
OAES,35.41059,-99.05879,2012-01-01,h09v05,1101.0,2223.0,278.6,2043.2001,13.0,0b00001101,0b0,Continuous
OAES,35.41059,-99.05879,2013-01-01,h09v05,1101.0,2223.0,285.5,1890.9,13.0,0b00001101,0b0,Continuous
OAES,35.41059,-99.05879,2014-01-01,h09v05,1101.0,2223.0,291.0,1946.0,19.0,0b00010011,0b0,Continuous
OAES,35.41059,-99.05879,2015-01-01,h09v05,1101.0,2223.0,459.2,1830.4,10.0,0b00001010,0b0,Continuous
OAES,35.41059,-99.05879,2016-01-01,h09v05,1101.0,2223.0,404.9,1879.7001,20.0,0b00010100,0b0,Continuous
OAES,35.41059,-99.05879,2017-01-01,h09v05,1101.0,2223.0,407.4,1914.9,6.0,0b00000110,0b0,Continuous
OAES,35.41059,-99.05879,2018-01-01,h09v05,1101.0,2223.0,347.1,1860.6,17.0,0b00010001,0b0,Continuous
OAES,35.41059,-99.05879,2019-01-01,h09v05,1101.0,2223.0,473.8,1710.3,10.0,0b00001010,0b0,Continuous
ONAQ,40.17759,-112.45244,2005-01-01,h09v04,2357.0,979.0,261.2,1831.3,25.0,0b00011001,0b0,Continuous
ONAQ,40.17759,-112.45244,2006-01-01,h09v04,2357.0,979.0,206.7,1943.2001,14.0,0b00001110,0b0,Continuous
ONAQ,40.17759,-112.45244,2007-01-01,h09v04,2357.0,979.0,172.2,2024.0,25.0,0b00011001,0b0,Continuous
ONAQ,40.17759,-112.45244,2008-01-01,h09v04,2357.0,979.0,200.1,1964.9,31.0,0b00011111,0b0,Continuous
ONAQ,40.17759,-112.45244,2009-01-01,h09v04,2357.0,979.0,202.3,1909.7001,25.0,0b00011001,0b0,Continuous
ONAQ,40.17759,-112.45244,2010-01-01,h09v04,2357.0,979.0,220.2,1886.1,32.0,0b00100000,0b0,Continuous
ONAQ,40.17759,-112.45244,2011-01-01,h09v04,2357.0,979.0,279.5,1801.9,35.0,0b00100011,0b0,Continuous
ONAQ,40.17759,-112.45244,2012-01-01,h09v04,2357.0,979.0,170.5,2084.2,32.0,0b00100000,0b0,Continuous
ONAQ,40.17759,-112.45244,2013-01-01,h09v04,2357.0,979.0,193.7,1843.8,20.0,0b00010100,0b0,Continuous
ONAQ,40.17759,-112.45244,2014-01-01,h09v04,2357.0,979.0,205.4,1946.5,20.0,0b00010100,0b0,Continuous
ONAQ,40.17759,-112.45244,2015-01-01,h09v04,2357.0,979.0,200.1,1929.4,22.0,0b00010110,0b0,Continuous
ONAQ,40.17759,-112.45244,2016-01-01,h09v04,2357.0,979.0,207.7,1938.8,19.0,0b00010011,0b0,Continuous
ONAQ,40.17759,-112.45244,2017-01-01,h09v04,2357.0,979.0,225.2,1916.1,25.0,0b00011001,0b0,Continuous
ONAQ,40.17759,-112.45244,2018-01-01,h09v04,2357.0,979.0,191.0,1993.0,21.0,0b00010101,0b0,Continuous
ONAQ,40.17759,-112.45244,2019-01-01,h09v04,2357.0,979.0,251.3,1754.4,21.0,0b00010101,0b0,Continuous
ORNL,35.96412,-84.2826,2005-01-01,h11v05,968.0,427.0,777.7,1629.5,13.0,0b00001101,0b0,Continuous
ORNL,35.96412,-84.2826,2006-01-01,h11v05,968.0,427.0,716.1,1618.3,18.0,0b00010010,0b0,Continuous
ORNL,35.96412,-84.2826,2007-01-01,h11v05,968.0,427.0,647.3,1759.6,5.0,0b00000101,0b0,Continuous
ORNL,35.96412,-84.2826,2008-01-01,h11v05,968.0,427.0,727.1,1710.0,19.0,0b00010011,0b0,Continuous
ORNL,35.96412,-84.2826,2009-01-01,h11v05,968.0,427.0,728.7,1500.9,20.0,0b00010100,0b0,Continuous
ORNL,35.96412,-84.2826,2010-01-01,h11v05,968.0,427.0,702.3,1694.2001,18.0,0b00010010,0b0,Continuous
ORNL,35.96412,-84.2826,2011-01-01,h11v05,968.0,427.0,675.6,1647.5,16.0,0b00010000,0b0,Continuous
ORNL,35.96412,-84.2826,2012-01-01,h11v05,968.0,427.0,722.3,1728.2001,4.0,0b00000100,0b0,Continuous
ORNL,35.96412,-84.2826,2013-01-01,h11v05,968.0,427.0,884.4,1550.7001,22.0,0b00010110,0b0,Continuous
ORNL,35.96412,-84.2826,2014-01-01,h11v05,968.0,427.0,780.8,1644.1,18.0,0b00010010,0b0,Continuous
ORNL,35.96412,-84.2826,2015-01-01,h11v05,968.0,427.0,812.1,1578.8,19.0,0b00010011,0b0,Continuous
ORNL,35.96412,-84.2826,2016-01-01,h11v05,968.0,427.0,771.4,1745.1,17.0,0b00010001,0b0,Continuous
ORNL,35.96412,-84.2826,2017-01-01,h11v05,968.0,427.0,772.2,1677.6,19.0,0b00010011,0b0,Continuous
ORNL,35.96412,-84.2826,2018-01-01,h11v05,968.0,427.0,769.5,1547.4,20.0,0b00010100,0b0,Continuous
ORNL,35.96412,-84.2826,2019-01-01,h11v05,968.0,427.0,836.6,1633.1,10.0,0b00001010,0b0,Continuous
OSBS,29.68927,-81.99343,2005-01-01,h10v06,74.0,2104.0,724.4,1821.0,9.0,0b00001001,0b0,Continuous
OSBS,29.68927,-81.99343,2006-01-01,h10v06,74.0,2104.0,629.8,1974.7001,9.0,0b00001001,0b0,Continuous
OSBS,29.68927,-81.99343,2007-01-01,h10v06,74.0,2104.0,647.4,1945.4,9.0,0b00001001,0b0,Continuous
OSBS,29.68927,-81.99343,2008-01-01,h10v06,74.0,2104.0,690.0,1833.7001,13.0,0b00001101,0b0,Continuous
OSBS,29.68927,-81.99343,2009-01-01,h10v06,74.0,2104.0,648.2,1826.6,15.0,0b00001111,0b0,Continuous
OSBS,29.68927,-81.99343,2010-01-01,h10v06,74.0,2104.0,653.4,1938.8,4.0,0b00000100,0b0,Continuous
OSBS,29.68927,-81.99343,2011-01-01,h10v06,74.0,2104.0,658.5,1912.5,2.0,0b00000010,0b0,Continuous
OSBS,29.68927,-81.99343,2012-01-01,h10v06,74.0,2104.0,723.2,1853.7001,13.0,0b00001101,0b0,Continuous
OSBS,29.68927,-81.99343,2013-01-01,h10v06,74.0,2104.0,672.1,1873.5,15.0,0b00001111,0b0,Continuous
OSBS,29.68927,-81.99343,2014-01-01,h10v06,74.0,2104.0,690.8,1835.8,9.0,0b00001001,0b0,Continuous
OSBS,29.68927,-81.99343,2015-01-01,h10v06,74.0,2104.0,766.3,1856.6,11.0,0b00001011,0b0,Continuous
OSBS,29.68927,-81.99343,2016-01-01,h10v06,74.0,2104.0,787.2,1963.1,11.0,0b00001011,0b0,Continuous
OSBS,29.68927,-81.99343,2017-01-01,h10v06,74.0,2104.0,758.7,1830.4,9.0,0b00001001,0b0,Continuous
OSBS,29.68927,-81.99343,2018-01-01,h10v06,74.0,2104.0,712.3,1787.6,7.0,0b00000111,0b0,Continuous
OSBS,29.68927,-81.99343,2019-01-01,h10v06,74.0,2104.0,785.3,1854.3,2.0,0b00000010,0b0,Continuous
PUUM,19.55309,-155.31731,2005-01-01,h03v07,107.0,873.0,1206.2001,2065.8,18.0,0b00010010,0b0,Continuous
PUUM,19.55309,-155.31731,2006-01-01,h03v07,107.0,873.0,1118.1,1785.5,35.0,0b00100011,0b0,Continuous
PUUM,19.55309,-155.31731,2007-01-01,h03v07,107.0,873.0,1142.1,1932.3,25.0,0b00011001,0b0,Continuous
PUUM,19.55309,-155.31731,2008-01-01,h03v07,107.0,873.0,1191.3,1929.3,26.0,0b00011010,0b0,Continuous
PUUM,19.55309,-155.31731,2009-01-01,h03v07,107.0,873.0,1091.5,1803.1,24.0,0b00011000,0b0,Continuous
PUUM,19.55309,-155.31731,2010-01-01,h03v07,107.0,873.0,1115.0,2132.9001,11.0,0b00001011,0b0,Continuous
PUUM,19.55309,-155.31731,2011-01-01,h03v07,107.0,873.0,1062.4,1798.6,22.0,0b00010110,0b0,Continuous
PUUM,19.55309,-155.31731,2012-01-01,h03v07,107.0,873.0,1162.7001,2015.6,20.0,0b00010100,0b0,Continuous
PUUM,19.55309,-155.31731,2013-01-01,h03v07,107.0,873.0,1100.9,1898.2001,22.0,0b00010110,0b0,Continuous
PUUM,19.55309,-155.31731,2014-01-01,h03v07,107.0,873.0,1133.1,1925.5,15.0,0b00001111,0b0,Continuous
PUUM,19.55309,-155.31731,2015-01-01,h03v07,107.0,873.0,1090.9,1823.9,26.0,0b00011010,0b0,Continuous
PUUM,19.55309,-155.31731,2016-01-01,h03v07,107.0,873.0,1106.5,1898.9,28.0,0b00011100,0b0,Continuous
PUUM,19.55309,-155.31731,2017-01-01,h03v07,107.0,873.0,1114.5,2087.2,11.0,0b00001011,0b0,Continuous
PUUM,19.55309,-155.31731,2018-01-01,h03v07,107.0,873.0,1054.3,1733.2001,31.0,0b00011111,0b0,Continuous
PUUM,19.55309,-155.31731,2019-01-01,h03v07,107.0,873.0,1197.7001,2109.3,20.0,0b00010100,0b0,Continuous
RMNP,40.27591,-105.54592,2005-01-01,h09v04,2333.0,2273.0,396.6,1477.6,16.0,0b00010000,0b0,Continuous
RMNP,40.27591,-105.54592,2006-01-01,h09v04,2333.0,2273.0,358.0,1465.0,20.0,0b00010100,0b0,Continuous
RMNP,40.27591,-105.54592,2007-01-01,h09v04,2333.0,2273.0,396.2,1497.7001,24.0,0b00011000,0b0,Continuous
RMNP,40.27591,-105.54592,2008-01-01,h09v04,2333.0,2273.0,386.5,1509.6,11.0,0b00001011,0b0,Continuous
RMNP,40.27591,-105.54592,2009-01-01,h09v04,2333.0,2273.0,379.9,1443.9,14.0,0b00001110,0b0,Continuous
RMNP,40.27591,-105.54592,2010-01-01,h09v04,2333.0,2273.0,401.0,1504.8,19.0,0b00010011,0b0,Continuous
RMNP,40.27591,-105.54592,2011-01-01,h09v04,2333.0,2273.0,396.5,1445.4,31.0,0b00011111,0b0,Continuous
RMNP,40.27591,-105.54592,2012-01-01,h09v04,2333.0,2273.0,324.1,1638.6,13.0,0b00001101,0b0,Continuous
RMNP,40.27591,-105.54592,2013-01-01,h09v04,2333.0,2273.0,378.8,1374.6,22.0,0b00010110,0b0,Continuous
RMNP,40.27591,-105.54592,2014-01-01,h09v04,2333.0,2273.0,426.3,1383.0,16.0,0b00010000,0b0,Continuous
RMNP,40.27591,-105.54592,2015-01-01,h09v04,2333.0,2273.0,440.3,1401.6,27.0,0b00011011,0b0,Continuous
RMNP,40.27591,-105.54592,2016-01-01,h09v04,2333.0,2273.0,384.5,1452.2001,23.0,0b00010111,0b0,Continuous
RMNP,40.27591,-105.54592,2017-01-01,h09v04,2333.0,2273.0,390.9,1442.0,23.0,0b00010111,0b0,Continuous
RMNP,40.27591,-105.54592,2018-01-01,h09v04,2333.0,2273.0,371.0,1559.1,14.0,0b00001110,0b0,Continuous
RMNP,40.27591,-105.54592,2019-01-01,h09v04,2333.0,2273.0,415.2,1348.7001,29.0,0b00011101,0b0,Continuous
SCBI,38.89292,-78.1395,2005-01-01,h11v05,265.0,2203.0,766.2,1457.7001,30.0,0b00011110,0b0,Continuous
SCBI,38.89292,-78.1395,2006-01-01,h11v05,265.0,2203.0,774.3,1520.8,29.0,0b00011101,0b0,Continuous
SCBI,38.89292,-78.1395,2007-01-01,h11v05,265.0,2203.0,798.7,1557.0,34.0,0b00100010,0b0,Continuous
SCBI,38.89292,-78.1395,2008-01-01,h11v05,265.0,2203.0,757.5,1544.0,26.0,0b00011010,0b0,Continuous
SCBI,38.89292,-78.1395,2009-01-01,h11v05,265.0,2203.0,844.3,1448.1,34.0,0b00100010,0b0,Continuous
SCBI,38.89292,-78.1395,2010-01-01,h11v05,265.0,2203.0,822.4,1556.0,35.0,0b00100011,0b0,Continuous
SCBI,38.89292,-78.1395,2011-01-01,h11v05,265.0,2203.0,795.7,1461.9,35.0,0b00100011,0b0,Continuous
SCBI,38.89292,-78.1395,2012-01-01,h11v05,265.0,2203.0,752.2,1594.1,21.0,0b00010101,0b0,Continuous
SCBI,38.89292,-78.1395,2013-01-01,h11v05,265.0,2203.0,747.0,1464.3,31.0,0b00011111,0b0,Continuous
SCBI,38.89292,-78.1395,2014-01-01,h11v05,265.0,2203.0,805.5,1469.1,39.0,0b00100111,0b0,Continuous
SCBI,38.89292,-78.1395,2015-01-01,h11v05,265.0,2203.0,844.1,1517.4,35.0,0b00100011,0b0,Continuous
SCBI,38.89292,-78.1395,2016-01-01,h11v05,265.0,2203.0,738.7,1540.1,33.0,0b00100001,0b0,Continuous
SCBI,38.89292,-78.1395,2017-01-01,h11v05,265.0,2203.0,740.8,1569.3,38.0,0b00100110,0b0,Continuous
SCBI,38.89292,-78.1395,2018-01-01,h11v05,265.0,2203.0,825.1,1435.1,13.0,0b00001101,0b0,Continuous
SCBI,38.89292,-78.1395,2019-01-01,h11v05,265.0,2203.0,858.6,1505.9,25.0,0b00011001,0b0,Continuous
SERC,38.89008,-76.56001,2005-01-01,h12v05,266.0,98.0,869.1,1455.3,27.0,0b00011011,0b0,Continuous
SERC,38.89008,-76.56001,2006-01-01,h12v05,266.0,98.0,864.9,1522.8,19.0,0b00010011,0b0,Continuous
SERC,38.89008,-76.56001,2007-01-01,h12v05,266.0,98.0,846.2,1549.9,7.0,0b00000111,0b0,Continuous
SERC,38.89008,-76.56001,2008-01-01,h12v05,266.0,98.0,865.7,1525.2001,13.0,0b00001101,0b0,Continuous
SERC,38.89008,-76.56001,2009-01-01,h12v05,266.0,98.0,847.6,1428.0,23.0,0b00010111,0b0,Continuous
SERC,38.89008,-76.56001,2010-01-01,h12v05,266.0,98.0,824.7,1549.4,12.0,0b00001100,0b0,Continuous
SERC,38.89008,-76.56001,2011-01-01,h12v05,266.0,98.0,811.9,1477.2001,20.0,0b00010100,0b0,Continuous
SERC,38.89008,-76.56001,2012-01-01,h12v05,266.0,98.0,777.4,1544.4,11.0,0b00001011,0b0,Continuous
SERC,38.89008,-76.56001,2013-01-01,h12v05,266.0,98.0,809.4,1452.2001,19.0,0b00010011,0b0,Continuous
SERC,38.89008,-76.56001,2014-01-01,h12v05,266.0,98.0,772.3,1449.2001,24.0,0b00011000,0b0,Continuous
SERC,38.89008,-76.56001,2015-01-01,h12v05,266.0,98.0,822.3,1484.9,17.0,0b00010001,0b0,Continuous
SERC,38.89008,-76.56001,2016-01-01,h12v05,266.0,98.0,850.7,1515.2001,20.0,0b00010100,0b0,Continuous
SERC,38.89008,-76.56001,2017-01-01,h12v05,266.0,98.0,913.2,1549.1,24.0,0b00011000,0b0,Continuous
SERC,38.89008,-76.56001,2018-01-01,h12v05,266.0,98.0,914.7,1448.6,18.0,0b00010010,0b0,Continuous
SERC,38.89008,-76.56001,2019-01-01,h12v05,266.0,98.0,898.7,1479.3,5.0,0b00000101,0b0,Continuous
SJER,37.10878,-119.73228,2005-01-01,h08v05,693.0,1083.0,418.9,2036.2001,12.0,0b00001100,0b0,Continuous
SJER,37.10878,-119.73228,2006-01-01,h08v05,693.0,1083.0,371.6,2037.5,18.0,0b00010010,0b0,Continuous
SJER,37.10878,-119.73228,2007-01-01,h08v05,693.0,1083.0,298.5,2133.0,11.0,0b00001011,0b0,Continuous
SJER,37.10878,-119.73228,2008-01-01,h08v05,693.0,1083.0,325.7,2079.4001,10.0,0b00001010,0b0,Continuous
SJER,37.10878,-119.73228,2009-01-01,h08v05,693.0,1083.0,357.8,2037.3,2.0,0b00000010,0b0,Continuous
SJER,37.10878,-119.73228,2010-01-01,h08v05,693.0,1083.0,394.9,1934.9,10.0,0b00001010,0b0,Continuous
SJER,37.10878,-119.73228,2011-01-01,h08v05,693.0,1083.0,398.1,1994.2001,10.0,0b00001010,0b0,Continuous
SJER,37.10878,-119.73228,2012-01-01,h08v05,693.0,1083.0,314.9,2127.6001,19.0,0b00010011,0b0,Continuous
SJER,37.10878,-119.73228,2013-01-01,h08v05,693.0,1083.0,292.7,2178.3,25.0,0b00011001,0b0,Continuous
SJER,37.10878,-119.73228,2014-01-01,h08v05,693.0,1083.0,277.9,2159.6001,18.0,0b00010010,0b0,Continuous
SJER,37.10878,-119.73228,2015-01-01,h08v05,693.0,1083.0,345.6,2080.4001,11.0,0b00001011,0b0,Continuous
SJER,37.10878,-119.73228,2016-01-01,h08v05,693.0,1083.0,346.7,2104.3,13.0,0b00001101,0b0,Continuous
SJER,37.10878,-119.73228,2017-01-01,h08v05,693.0,1083.0,330.0,2103.4001,19.0,0b00010011,0b0,Continuous
SJER,37.10878,-119.73228,2018-01-01,h08v05,693.0,1083.0,275.1,2159.7,15.0,0b00001111,0b0,Continuous
SJER,37.10878,-119.73228,2019-01-01,h08v05,693.0,1083.0,370.4,2035.4,18.0,0b00010010,0b0,Continuous
SOAP,37.03337,-119.26219,2005-01-01,h08v05,711.0,1150.0,486.2,1960.8,10.0,0b00001010,0b0,Continuous
SOAP,37.03337,-119.26219,2006-01-01,h08v05,711.0,1150.0,428.4,1976.2001,7.0,0b00000111,0b0,Continuous
SOAP,37.03337,-119.26219,2007-01-01,h08v05,711.0,1150.0,426.3,2079.0,4.0,0b00000100,0b0,Continuous
SOAP,37.03337,-119.26219,2008-01-01,h08v05,711.0,1150.0,389.0,2052.0,4.0,0b00000100,0b0,Continuous
SOAP,37.03337,-119.26219,2009-01-01,h08v05,711.0,1150.0,408.6,2014.8,9.0,0b00001001,0b0,Continuous
SOAP,37.03337,-119.26219,2010-01-01,h08v05,711.0,1150.0,424.5,1947.2001,10.0,0b00001010,0b0,Continuous
SOAP,37.03337,-119.26219,2011-01-01,h08v05,711.0,1150.0,475.7,1959.4,7.0,0b00000111,0b0,Continuous
SOAP,37.03337,-119.26219,2012-01-01,h08v05,711.0,1150.0,442.3,2052.0,15.0,0b00001111,0b0,Continuous
SOAP,37.03337,-119.26219,2013-01-01,h08v05,711.0,1150.0,441.1,2081.4001,0.0,0b00000000,0b0,Continuous
SOAP,37.03337,-119.26219,2014-01-01,h08v05,711.0,1150.0,351.4,2105.9001,7.0,0b00000111,0b0,Continuous
SOAP,37.03337,-119.26219,2015-01-01,h08v05,711.0,1150.0,340.8,2070.9001,10.0,0b00001010,0b0,Continuous
SOAP,37.03337,-119.26219,2016-01-01,h08v05,711.0,1150.0,302.0,2113.1001,17.0,0b00010001,0b0,Continuous
SOAP,37.03337,-119.26219,2017-01-01,h08v05,711.0,1150.0,317.9,2089.4001,12.0,0b00001100,0b0,Continuous
SOAP,37.03337,-119.26219,2018-01-01,h08v05,711.0,1150.0,307.7,2117.4001,11.0,0b00001011,0b0,Continuous
SOAP,37.03337,-119.26219,2019-01-01,h08v05,711.0,1150.0,412.3,1958.7001,15.0,0b00001111,0b0,Continuous
SRER,31.91068,-110.83549,2005-01-01,h08v05,1941.0,1419.0,100.5,2393.4001,15.0,0b00001111,0b0,Continuous
SRER,31.91068,-110.83549,2006-01-01,h08v05,1941.0,1419.0,87.3,2423.6001,11.0,0b00001011,0b0,Continuous
SRER,31.91068,-110.83549,2007-01-01,h08v05,1941.0,1419.0,100.4,2444.8,2.0,0b00000010,0b0,Continuous
SRER,31.91068,-110.83549,2008-01-01,h08v05,1941.0,1419.0,114.8,2435.7,13.0,0b00001101,0b0,Continuous
SRER,31.91068,-110.83549,2009-01-01,h08v05,1941.0,1419.0,73.6,2531.1001,7.0,0b00000111,0b0,Continuous
SRER,31.91068,-110.83549,2010-01-01,h08v05,1941.0,1419.0,128.0,2362.5,8.0,0b00001000,0b0,Continuous
SRER,31.91068,-110.83549,2011-01-01,h08v05,1941.0,1419.0,87.3,2460.4001,22.0,0b00010110,0b0,Continuous
SRER,31.91068,-110.83549,2012-01-01,h08v05,1941.0,1419.0,88.4,2470.9001,15.0,0b00001111,0b0,Continuous
SRER,31.91068,-110.83549,2013-01-01,h08v05,1941.0,1419.0,97.4,2400.1001,11.0,0b00001011,0b0,Continuous
SRER,31.91068,-110.83549,2014-01-01,h08v05,1941.0,1419.0,113.1,2408.5,17.0,0b00010001,0b0,Continuous
SRER,31.91068,-110.83549,2015-01-01,h08v05,1941.0,1419.0,158.0,2270.7,7.0,0b00000111,0b0,Continuous
SRER,31.91068,-110.83549,2016-01-01,h08v05,1941.0,1419.0,144.1,2445.7,9.0,0b00001001,0b0,Continuous
SRER,31.91068,-110.83549,2017-01-01,h08v05,1941.0,1419.0,96.8,2537.2,11.0,0b00001011,0b0,Continuous
SRER,31.91068,-110.83549,2018-01-01,h08v05,1941.0,1419.0,121.3,2416.3,13.0,0b00001101,0b0,Continuous
SRER,31.91068,-110.83549,2019-01-01,h08v05,1941.0,1419.0,181.3,2247.8,20.0,0b00010100,0b0,Continuous
STEI,45.50894,-89.58637,2005-01-01,h11v04,1077.0,1732.0,807.5,1178.2001,24.0,0b00011000,0b0,Continuous
STEI,45.50894,-89.58637,2006-01-01,h11v04,1077.0,1732.0,861.5,1204.1,28.0,0b00011100,0b0,Continuous
STEI,45.50894,-89.58637,2007-01-01,h11v04,1077.0,1732.0,840.3,1241.9,21.0,0b00010101,0b0,Continuous
STEI,45.50894,-89.58637,2008-01-01,h11v04,1077.0,1732.0,807.8,1154.0,25.0,0b00011001,0b0,Continuous
STEI,45.50894,-89.58637,2009-01-01,h11v04,1077.0,1732.0,783.0,1170.0,28.0,0b00011100,0b0,Continuous
STEI,45.50894,-89.58637,2010-01-01,h11v04,1077.0,1732.0,823.6,1245.4,16.0,0b00010000,0b0,Continuous
STEI,45.50894,-89.58637,2011-01-01,h11v04,1077.0,1732.0,770.6,1117.9,23.0,0b00010111,0b0,Continuous
STEI,45.50894,-89.58637,2012-01-01,h11v04,1077.0,1732.0,921.9,1275.0,17.0,0b00010001,0b0,Continuous
STEI,45.50894,-89.58637,2013-01-01,h11v04,1077.0,1732.0,808.9,1129.0,25.0,0b00011001,0b0,Continuous
STEI,45.50894,-89.58637,2014-01-01,h11v04,1077.0,1732.0,772.6,1063.6,34.0,0b00100010,0b0,Continuous
STEI,45.50894,-89.58637,2015-01-01,h11v04,1077.0,1732.0,832.5,1191.6,11.0,0b00001011,0b0,Continuous
STEI,45.50894,-89.58637,2016-01-01,h11v04,1077.0,1732.0,844.1,1209.1,16.0,0b00010000,0b0,Continuous
STEI,45.50894,-89.58637,2017-01-01,h11v04,1077.0,1732.0,813.5,1152.9,14.0,0b00001110,0b0,Continuous
STEI,45.50894,-89.58637,2018-01-01,h11v04,1077.0,1732.0,829.9,1162.2001,36.0,0b00100100,0b0,Continuous
STEI,45.50894,-89.58637,2019-01-01,h11v04,1077.0,1732.0,778.1,1107.0,34.0,0b00100010,0b0,Continuous
STER,40.4619,-103.0293,2005-01-01,h10v04,2289.0,386.0,268.1,1763.2001,8.0,0b00001000,0b0,Continuous
STER,40.4619,-103.0293,2006-01-01,h10v04,2289.0,386.0,242.2,1810.8,7.0,0b00000111,0b0,Continuous
STER,40.4619,-103.0293,2007-01-01,h10v04,2289.0,386.0,284.0,1715.4,16.0,0b00010000,0b0,Continuous
STER,40.4619,-103.0293,2008-01-01,h10v04,2289.0,386.0,283.8,1770.1,20.0,0b00010100,0b0,Continuous
STER,40.4619,-103.0293,2009-01-01,h10v04,2289.0,386.0,302.7,1668.0,9.0,0b00001001,0b0,Continuous
STER,40.4619,-103.0293,2010-01-01,h10v04,2289.0,386.0,321.9,1781.1,16.0,0b00010000,0b0,Continuous
STER,40.4619,-103.0293,2011-01-01,h10v04,2289.0,386.0,244.8,1769.1,8.0,0b00001000,0b0,Continuous
STER,40.4619,-103.0293,2012-01-01,h10v04,2289.0,386.0,203.6,1967.0,6.0,0b00000110,0b0,Continuous
STER,40.4619,-103.0293,2013-01-01,h10v04,2289.0,386.0,263.8,1734.5,17.0,0b00010001,0b0,Continuous
STER,40.4619,-103.0293,2014-01-01,h10v04,2289.0,386.0,322.7,1739.8,11.0,0b00001011,0b0,Continuous
STER,40.4619,-103.0293,2015-01-01,h10v04,2289.0,386.0,331.7,1675.9,25.0,0b00011001,0b0,Continuous
STER,40.4619,-103.0293,2016-01-01,h10v04,2289.0,386.0,316.5,1766.1,15.0,0b00001111,0b0,Continuous
STER,40.4619,-103.0293,2017-01-01,h10v04,2289.0,386.0,264.6,1757.0,5.0,0b00000101,0b0,Continuous
STER,40.4619,-103.0293,2018-01-01,h10v04,2289.0,386.0,351.1,1714.8,9.0,0b00001001,0b0,Continuous
STER,40.4619,-103.0293,2019-01-01,h10v04,2289.0,386.0,388.2,1608.7001,20.0,0b00010100,0b0,Continuous
TALL,32.95046,-87.39327,2005-01-01,h10v05,1691.0,1599.0,864.8,1660.5,35.0,0b00100011,0b0,Continuous
TALL,32.95046,-87.39327,2006-01-01,h10v05,1691.0,1599.0,792.5,1866.8,26.0,0b00011010,0b0,Continuous
TALL,32.95046,-87.39327,2007-01-01,h10v05,1691.0,1599.0,743.5,1891.0,20.0,0b00010100,0b0,Continuous
TALL,32.95046,-87.39327,2008-01-01,h10v05,1691.0,1599.0,810.6,1840.8,11.0,0b00001011,0b0,Continuous
TALL,32.95046,-87.39327,2009-01-01,h10v05,1691.0,1599.0,840.5,1701.8,26.0,0b00011010,0b0,Continuous
TALL,32.95046,-87.39327,2010-01-01,h10v05,1691.0,1599.0,754.7,1885.1,20.0,0b00010100,0b0,Continuous
TALL,32.95046,-87.39327,2011-01-01,h10v05,1691.0,1599.0,815.1,1862.1,20.0,0b00010100,0b0,Continuous
TALL,32.95046,-87.39327,2012-01-01,h10v05,1691.0,1599.0,921.3,1855.3,22.0,0b00010110,0b0,Continuous
TALL,32.95046,-87.39327,2013-01-01,h10v05,1691.0,1599.0,787.3,1675.0,28.0,0b00011100,0b0,Continuous
TALL,32.95046,-87.39327,2014-01-01,h10v05,1691.0,1599.0,927.9,1761.2001,21.0,0b00010101,0b0,Continuous
TALL,32.95046,-87.39327,2015-01-01,h10v05,1691.0,1599.0,769.1,1742.1,20.0,0b00010100,0b0,Continuous
TALL,32.95046,-87.39327,2016-01-01,h10v05,1691.0,1599.0,731.0,1892.4,22.0,0b00010110,0b0,Continuous
TALL,32.95046,-87.39327,2017-01-01,h10v05,1691.0,1599.0,875.7,1742.4,15.0,0b00001111,0b0,Continuous
TALL,32.95046,-87.39327,2018-01-01,h10v05,1691.0,1599.0,897.4,1756.7001,28.0,0b00011100,0b0,Continuous
TALL,32.95046,-87.39327,2019-01-01,h10v05,1691.0,1599.0,847.3,1789.4,11.0,0b00001011,0b0,Continuous
TEAK,37.00583,-119.00602,2005-01-01,h08v05,718.0,1191.0,448.4,1778.6,20.0,0b00010100,0b0,Continuous
TEAK,37.00583,-119.00602,2006-01-01,h08v05,718.0,1191.0,455.2,1825.7001,24.0,0b00011000,0b0,Continuous
TEAK,37.00583,-119.00602,2007-01-01,h08v05,718.0,1191.0,365.7,1988.0,9.0,0b00001001,0b0,Continuous
TEAK,37.00583,-119.00602,2008-01-01,h08v05,718.0,1191.0,391.8,1940.4,11.0,0b00001011,0b0,Continuous
TEAK,37.00583,-119.00602,2009-01-01,h08v05,718.0,1191.0,422.7,1845.4,15.0,0b00001111,0b0,Continuous
TEAK,37.00583,-119.00602,2010-01-01,h08v05,718.0,1191.0,458.6,1758.4,29.0,0b00011101,0b0,Continuous
TEAK,37.00583,-119.00602,2011-01-01,h08v05,718.0,1191.0,491.1,1777.0,26.0,0b00011010,0b0,Continuous
TEAK,37.00583,-119.00602,2012-01-01,h08v05,718.0,1191.0,399.9,1960.3,5.0,0b00000101,0b0,Continuous
TEAK,37.00583,-119.00602,2013-01-01,h08v05,718.0,1191.0,397.2,1985.3,2.0,0b00000010,0b0,Continuous
TEAK,37.00583,-119.00602,2014-01-01,h08v05,718.0,1191.0,388.6,1968.3,8.0,0b00001000,0b0,Continuous
TEAK,37.00583,-119.00602,2015-01-01,h08v05,718.0,1191.0,415.4,1889.7001,7.0,0b00000111,0b0,Continuous
TEAK,37.00583,-119.00602,2016-01-01,h08v05,718.0,1191.0,400.2,1953.7001,21.0,0b00010101,0b0,Continuous
TEAK,37.00583,-119.00602,2017-01-01,h08v05,718.0,1191.0,423.6,1895.4,12.0,0b00001100,0b0,Continuous
TEAK,37.00583,-119.00602,2018-01-01,h08v05,718.0,1191.0,391.1,1937.9,10.0,0b00001010,0b0,Continuous
TEAK,37.00583,-119.00602,2019-01-01,h08v05,718.0,1191.0,458.0,1778.6,24.0,0b00011000,0b0,Continuous
TOOL,68.66109,-149.37047,2005-01-01,h12v02,321.0,1355.0,289.7,372.4,20.0,0b00010100,0b0,Continuous
TOOL,68.66109,-149.37047,2006-01-01,h12v02,321.0,1355.0,275.3,329.8,43.0,0b00101011,0b0,Continuous
TOOL,68.66109,-149.37047,2007-01-01,h12v02,321.0,1355.0,273.2,379.7,19.0,0b00010011,0b0,Continuous
TOOL,68.66109,-149.37047,2008-01-01,h12v02,321.0,1355.0,256.5,333.8,37.0,0b00100101,0b0,Continuous
TOOL,68.66109,-149.37047,2009-01-01,h12v02,321.0,1355.0,259.6,319.2,49.0,0b00110001,0b0,Continuous
TOOL,68.66109,-149.37047,2010-01-01,h12v02,321.0,1355.0,277.9,348.5,31.0,0b00011111,0b0,Continuous
TOOL,68.66109,-149.37047,2011-01-01,h12v02,321.0,1355.0,289.1,355.6,19.0,0b00010011,0b0,Continuous
TOOL,68.66109,-149.37047,2012-01-01,h12v02,321.0,1355.0,268.1,332.8,32.0,0b00100000,0b0,Continuous
TOOL,68.66109,-149.37047,2013-01-01,h12v02,321.0,1355.0,252.5,307.3,36.0,0b00100100,0b0,Continuous
TOOL,68.66109,-149.37047,2014-01-01,h12v02,321.0,1355.0,274.9,335.7,54.0,0b00110110,0b0,Continuous
TOOL,68.66109,-149.37047,2015-01-01,h12v02,321.0,1355.0,267.4,320.5,57.0,0b00111001,0b0,Continuous
TOOL,68.66109,-149.37047,2016-01-01,h12v02,321.0,1355.0,288.6,363.0,53.0,0b00110101,0b0,Continuous
TOOL,68.66109,-149.37047,2017-01-01,h12v02,321.0,1355.0,289.6,349.2,55.0,0b00110111,0b0,Continuous
TOOL,68.66109,-149.37047,2018-01-01,h12v02,321.0,1355.0,278.5,338.0,51.0,0b00110011,0b0,Continuous
TOOL,68.66109,-149.37047,2019-01-01,h12v02,321.0,1355.0,296.3,351.2,37.0,0b00100101,0b0,Continuous
TREE,45.49369,-89.58571,2005-01-01,h11v04,1081.0,1728.0,697.3,1147.7001,28.0,0b00011100,0b0,Continuous
TREE,45.49369,-89.58571,2006-01-01,h11v04,1081.0,1728.0,676.1,1162.4,25.0,0b00011001,0b0,Continuous
TREE,45.49369,-89.58571,2007-01-01,h11v04,1081.0,1728.0,690.7,1203.9,14.0,0b00001110,0b0,Continuous
TREE,45.49369,-89.58571,2008-01-01,h11v04,1081.0,1728.0,695.9,1115.3,26.0,0b00011010,0b0,Continuous
TREE,45.49369,-89.58571,2009-01-01,h11v04,1081.0,1728.0,664.8,1124.9,19.0,0b00010011,0b0,Continuous
TREE,45.49369,-89.58571,2010-01-01,h11v04,1081.0,1728.0,675.1,1186.0,16.0,0b00010000,0b0,Continuous
TREE,45.49369,-89.58571,2011-01-01,h11v04,1081.0,1728.0,678.9,1076.8,30.0,0b00011110,0b0,Continuous
TREE,45.49369,-89.58571,2012-01-01,h11v04,1081.0,1728.0,719.8,1234.4,11.0,0b00001011,0b0,Continuous
TREE,45.49369,-89.58571,2013-01-01,h11v04,1081.0,1728.0,658.6,1078.7001,22.0,0b00010110,0b0,Continuous
TREE,45.49369,-89.58571,2014-01-01,h11v04,1081.0,1728.0,618.0,1000.6,39.0,0b00100111,0b0,Continuous
TREE,45.49369,-89.58571,2015-01-01,h11v04,1081.0,1728.0,684.7,1130.6,10.0,0b00001010,0b0,Continuous
TREE,45.49369,-89.58571,2016-01-01,h11v04,1081.0,1728.0,711.8,1154.6,17.0,0b00010001,0b0,Continuous
TREE,45.49369,-89.58571,2017-01-01,h11v04,1081.0,1728.0,675.6,1084.5,11.0,0b00001011,0b0,Continuous
TREE,45.49369,-89.58571,2018-01-01,h11v04,1081.0,1728.0,686.6,1103.1,26.0,0b00011010,0b0,Continuous
TREE,45.49369,-89.58571,2019-01-01,h11v04,1081.0,1728.0,679.0,1056.6,21.0,0b00010101,0b0,Continuous
UKFS,39.04043,-95.19215,2005-01-01,h10v05,230.0,1455.0,1069.2001,1603.0,15.0,0b00001111,0b0,Continuous
UKFS,39.04043,-95.19215,2006-01-01,h10v05,230.0,1455.0,1061.8,1658.0,10.0,0b00001010,0b0,Continuous
UKFS,39.04043,-95.19215,2007-01-01,h10v05,230.0,1455.0,1116.0,1598.2001,21.0,0b00010101,0b0,Continuous
UKFS,39.04043,-95.19215,2008-01-01,h10v05,230.0,1455.0,1036.7001,1533.4,12.0,0b00001100,0b0,Continuous
UKFS,39.04043,-95.19215,2009-01-01,h10v05,230.0,1455.0,1111.1,1533.5,7.0,0b00000111,0b0,Continuous
UKFS,39.04043,-95.19215,2010-01-01,h10v05,230.0,1455.0,1100.7001,1623.8,21.0,0b00010101,0b0,Continuous
UKFS,39.04043,-95.19215,2011-01-01,h10v05,230.0,1455.0,1073.4,1628.1,19.0,0b00010011,0b0,Continuous
UKFS,39.04043,-95.19215,2012-01-01,h10v05,230.0,1455.0,1083.2001,1702.4,10.0,0b00001010,0b0,Continuous
UKFS,39.04043,-95.19215,2013-01-01,h10v05,230.0,1455.0,1055.4,1545.9,13.0,0b00001101,0b0,Continuous
UKFS,39.04043,-95.19215,2014-01-01,h10v05,230.0,1455.0,1067.3,1567.7001,25.0,0b00011001,0b0,Continuous
UKFS,39.04043,-95.19215,2015-01-01,h10v05,230.0,1455.0,1134.4,1631.7001,19.0,0b00010011,0b0,Continuous
UKFS,39.04043,-95.19215,2016-01-01,h10v05,230.0,1455.0,1088.2001,1612.5,9.0,0b00001001,0b0,Continuous
UKFS,39.04043,-95.19215,2017-01-01,h10v05,230.0,1455.0,1158.1,1664.3,18.0,0b00010010,0b0,Continuous
UKFS,39.04043,-95.19215,2018-01-01,h10v05,230.0,1455.0,1080.1,1548.8,13.0,0b00001101,0b0,Continuous
UKFS,39.04043,-95.19215,2019-01-01,h10v05,230.0,1455.0,1123.3,1518.7001,10.0,0b00001010,0b0,Continuous
UNDE,46.23388,-89.53725,2005-01-01,h11v04,903.0,1935.0,656.5,1139.4,24.0,0b00011000,0b0,Continuous
UNDE,46.23388,-89.53725,2006-01-01,h11v04,903.0,1935.0,648.3,1149.0,26.0,0b00011010,0b0,Continuous
UNDE,46.23388,-89.53725,2007-01-01,h11v04,903.0,1935.0,655.7,1178.5,26.0,0b00011010,0b0,Continuous
UNDE,46.23388,-89.53725,2008-01-01,h11v04,903.0,1935.0,621.9,1065.9,27.0,0b00011011,0b0,Continuous
UNDE,46.23388,-89.53725,2009-01-01,h11v04,903.0,1935.0,639.2,1099.8,33.0,0b00100001,0b0,Continuous
UNDE,46.23388,-89.53725,2010-01-01,h11v04,903.0,1935.0,642.1,1180.7001,14.0,0b00001110,0b0,Continuous
UNDE,46.23388,-89.53725,2011-01-01,h11v04,903.0,1935.0,671.8,1082.4,30.0,0b00011110,0b0,Continuous
UNDE,46.23388,-89.53725,2012-01-01,h11v04,903.0,1935.0,688.4,1210.6,16.0,0b00010000,0b0,Continuous
UNDE,46.23388,-89.53725,2013-01-01,h11v04,903.0,1935.0,554.5,993.1,43.0,0b00101011,0b0,Continuous
UNDE,46.23388,-89.53725,2014-01-01,h11v04,903.0,1935.0,612.1,978.1,35.0,0b00100011,0b0,Continuous
UNDE,46.23388,-89.53725,2015-01-01,h11v04,903.0,1935.0,625.8,1087.8,21.0,0b00010101,0b0,Continuous
UNDE,46.23388,-89.53725,2016-01-01,h11v04,903.0,1935.0,658.8,1122.8,21.0,0b00010101,0b0,Continuous
UNDE,46.23388,-89.53725,2017-01-01,h11v04,903.0,1935.0,659.5,1049.0,25.0,0b00011001,0b0,Continuous
UNDE,46.23388,-89.53725,2018-01-01,h11v04,903.0,1935.0,666.9,1059.1,34.0,0b00100010,0b0,Continuous
UNDE,46.23388,-89.53725,2019-01-01,h11v04,903.0,1935.0,641.4,1035.0,25.0,0b00011001,0b0,Continuous
WOOD,47.12823,-99.24136,2005-01-01,h11v04,689.0,595.0,528.1,1229.2001,24.0,0b00011000,0b0,Continuous
WOOD,47.12823,-99.24136,2006-01-01,h11v04,689.0,595.0,445.7,1248.3,32.0,0b00100000,0b0,Continuous
WOOD,47.12823,-99.24136,2007-01-01,h11v04,689.0,595.0,467.3,1225.8,26.0,0b00011010,0b0,Continuous
WOOD,47.12823,-99.24136,2008-01-01,h11v04,689.0,595.0,370.5,1222.5,19.0,0b00010011,0b0,Continuous
WOOD,47.12823,-99.24136,2009-01-01,h11v04,689.0,595.0,426.0,1095.2001,35.0,0b00100011,0b0,Continuous
WOOD,47.12823,-99.24136,2010-01-01,h11v04,689.0,595.0,470.5,1169.4,19.0,0b00010011,0b0,Continuous
WOOD,47.12823,-99.24136,2011-01-01,h11v04,689.0,595.0,526.9,1079.8,24.0,0b00011000,0b0,Continuous
WOOD,47.12823,-99.24136,2012-01-01,h11v04,689.0,595.0,498.0,1344.8,19.0,0b00010011,0b0,Continuous
WOOD,47.12823,-99.24136,2013-01-01,h11v04,689.0,595.0,449.3,1082.2001,25.0,0b00011001,0b0,Continuous
WOOD,47.12823,-99.24136,2014-01-01,h11v04,689.0,595.0,468.7,1101.0,24.0,0b00011000,0b0,Continuous
WOOD,47.12823,-99.24136,2015-01-01,h11v04,689.0,595.0,465.8,1242.4,28.0,0b00011100,0b0,Continuous
WOOD,47.12823,-99.24136,2016-01-01,h11v04,689.0,595.0,531.4,1301.3,10.0,0b00001010,0b0,Continuous
WOOD,47.12823,-99.24136,2017-01-01,h11v04,689.0,595.0,417.7,1263.4,23.0,0b00010111,0b0,Continuous
WOOD,47.12823,-99.24136,2018-01-01,h11v04,689.0,595.0,427.1,1153.1,26.0,0b00011010,0b0,Continuous
WOOD,47.12823,-99.24136,2019-01-01,h11v04,689.0,595.0,494.2,1025.6,27.0,0b00011011,0b0,Continuous
WREF,45.82049,-121.95191,2005-01-01,h09v04,1003.0,1202.0,585.8,1051.9,38.0,0b00100110,0b0,Continuous
WREF,45.82049,-121.95191,2006-01-01,h09v04,1003.0,1202.0,608.4,1093.9,46.0,0b00101110,0b0,Continuous
WREF,45.82049,-121.95191,2007-01-01,h09v04,1003.0,1202.0,556.2,1057.9,26.0,0b00011010,0b0,Continuous
WREF,45.82049,-121.95191,2008-01-01,h09v04,1003.0,1202.0,552.9,984.5,33.0,0b00100001,0b0,Continuous
WREF,45.82049,-121.95191,2009-01-01,h09v04,1003.0,1202.0,575.8,1075.0,32.0,0b00100000,0b0,Continuous
WREF,45.82049,-121.95191,2010-01-01,h09v04,1003.0,1202.0,564.7,981.3,46.0,0b00101110,0b0,Continuous
WREF,45.82049,-121.95191,2011-01-01,h09v04,1003.0,1202.0,545.7,954.0,47.0,0b00101111,0b0,Continuous
WREF,45.82049,-121.95191,2012-01-01,h09v04,1003.0,1202.0,553.5,991.4,34.0,0b00100010,0b0,Continuous
WREF,45.82049,-121.95191,2013-01-01,h09v04,1003.0,1202.0,649.6,1088.4,32.0,0b00100000,0b0,Continuous
WREF,45.82049,-121.95191,2014-01-01,h09v04,1003.0,1202.0,671.9,1118.5,41.0,0b00101001,0b0,Continuous
WREF,45.82049,-121.95191,2015-01-01,h09v04,1003.0,1202.0,611.7,1174.3,32.0,0b00100000,0b0,Continuous
WREF,45.82049,-121.95191,2016-01-01,h09v04,1003.0,1202.0,634.2,1094.2001,49.0,0b00110001,0b0,Continuous
WREF,45.82049,-121.95191,2017-01-01,h09v04,1003.0,1202.0,626.3,1058.3,42.0,0b00101010,0b0,Continuous
WREF,45.82049,-121.95191,2018-01-01,h09v04,1003.0,1202.0,606.4,1114.4,36.0,0b00100100,0b0,Continuous
WREF,45.82049,-121.95191,2019-01-01,h09v04,1003.0,1202.0,621.6,1048.5,26.0,0b00011010,0b0,Continuous
YELL,44.95348,-110.53914,2005-01-01,h10v04,1211.0,425.0,409.0,1118.1,23.0,0b00010111,0b0,Continuous
YELL,44.95348,-110.53914,2006-01-01,h10v04,1211.0,425.0,369.8,1229.6,30.0,0b00011110,0b0,Continuous
YELL,44.95348,-110.53914,2007-01-01,h10v04,1211.0,425.0,325.0,1296.0,25.0,0b00011001,0b0,Continuous
YELL,44.95348,-110.53914,2008-01-01,h10v04,1211.0,425.0,377.7,1130.3,26.0,0b00011010,0b0,Continuous
YELL,44.95348,-110.53914,2009-01-01,h10v04,1211.0,425.0,388.7,1105.5,33.0,0b00100001,0b0,Continuous
YELL,44.95348,-110.53914,2010-01-01,h10v04,1211.0,425.0,386.7,1136.7001,14.0,0b00001110,0b0,Continuous
YELL,44.95348,-110.53914,2011-01-01,h10v04,1211.0,425.0,387.4,1039.0,38.0,0b00100110,0b0,Continuous
YELL,44.95348,-110.53914,2012-01-01,h10v04,1211.0,425.0,351.8,1259.1,25.0,0b00011001,0b0,Continuous
YELL,44.95348,-110.53914,2013-01-01,h10v04,1211.0,425.0,362.1,1126.8,30.0,0b00011110,0b0,Continuous
YELL,44.95348,-110.53914,2014-01-01,h10v04,1211.0,425.0,403.0,1073.1,25.0,0b00011001,0b0,Continuous
YELL,44.95348,-110.53914,2015-01-01,h10v04,1211.0,425.0,434.2,1179.3,28.0,0b00011100,0b0,Continuous
YELL,44.95348,-110.53914,2016-01-01,h10v04,1211.0,425.0,375.8,1213.3,25.0,0b00011001,0b0,Continuous
YELL,44.95348,-110.53914,2017-01-01,h10v04,1211.0,425.0,421.7,1146.2001,27.0,0b00011011,0b0,Continuous
YELL,44.95348,-110.53914,2018-01-01,h10v04,1211.0,425.0,426.3,1114.0,23.0,0b00010111,0b0,Continuous
YELL,44.95348,-110.53914,2019-01-01,h10v04,1211.0,425.0,438.3,945.6,33.0,0b00100001,0b0,Continuous
